lsmaccx,lsmaccy,lsmaccz,lsmangx,lsmangy,lsmangz,a0,a1,a2,f1,f2,timestamp
0,0,0,0,0,0,13203,28935,39113,0,0,5
0,0,0,0,0,0,20677,30375,39481,0,0,10
0,0,0,0,0,0,20645,30279,39417,0,0,15
0,0,0,0,0,0,20501,30103,39321,0,0,20
0,0,0,0,0,0,20356,30023,39305,0,0,25
0,0,0,0,0,0,20260,29415,38953,0,0,30
0,0,0,0,0,0,20164,30007,39305,0,1,35
0,0,0,0,0,0,20180,29943,39241,0,0,40
0,0,0,0,0,0,20116,29927,39257,0,0,45
0,0,0,0,0,0,20068,29863,39273,0,0,50
0,0,0,0,0,0,20036,29783,39177,0,0,55
0,0,0,0,0,0,20020,29847,39145,0,0,60
0,0,0,0,0,0,19892,29639,39097,0,0,65
0,0,0,0,0,0,19940,30071,39337,0,1,70
0,0,0,0,0,0,19972,29751,39225,0,0,75
0,0,0,0,0,0,19924,29767,39177,0,0,80
0,0,0,0,0,0,19892,29783,39225,0,0,85
0,0,0,0,0,0,19876,29783,39177,0,0,90
0,0,0,0,0,0,19828,29703,39209,0,0,95
0,0,0,0,0,0,17572,30983,38985,0,2,139
0,0,0,0,0,0,30087,32888,38729,0,0,140
0,0,0,0,0,0,21541,30391,39481,0,0,145
0,0,0,0,0,0,20725,30103,39369,0,0,150
0,0,0,0,0,0,20340,29911,39273,0,0,155
0,0,0,0,0,0,20132,29927,39161,0,0,160
0,0,0,0,0,0,19940,29799,39161,0,0,165
0,0,0,0,0,0,19860,29767,39161,0,0,170
0,0,0,0,0,0,19860,30487,39673,0,1,175
0,0,0,0,0,0,19892,29719,39193,0,0,180
0,0,0,0,0,0,19828,29671,39225,0,0,185
0,0,0,0,0,0,19796,29719,39161,0,0,190
0,0,0,0,0,0,19716,29719,39145,0,0,195
0,0,0,0,0,0,19684,29607,39161,0,0,200
0,0,0,0,0,0,19700,30119,39497,0,0,205
0,0,0,0,0,0,19828,31319,40073,0,1,210
0,0,0,0,0,0,19876,29783,39193,0,0,215
0,0,0,0,0,0,19732,29671,39193,0,0,220
0,0,0,0,0,0,15187,29223,39241,0,0,239
0,0,0,0,0,0,26358,31095,39033,0,0,240
0,0,0,0,0,0,20645,29607,38905,0,0,245
0,0,0,0,0,0,20068,29959,39273,0,1,250
0,0,0,0,0,0,19892,29719,39129,0,0,255
0,0,0,0,0,0,19780,29623,39129,0,0,260
0,0,0,0,0,0,19684,29703,39113,0,0,265
0,0,0,0,0,0,19684,29655,39129,0,0,270
0,0,0,0,0,0,19668,29607,39129,0,0,275
0,0,0,0,0,0,19620,29479,39033,0,0,280
0,0,0,0,0,0,19604,29847,39193,0,1,285
0,0,0,0,0,0,19620,29671,39177,0,0,290
0,0,0,0,0,0,19620,29591,39161,0,0,295
0,0,0,0,0,0,19524,29543,39145,0,0,300
0,0,0,0,0,0,19524,29559,39113,0,0,305
0,0,0,0,0,0,19492,29671,39097,0,0,310
0,0,0,0,0,0,19492,29527,39065,0,0,315
0,0,0,0,0,0,19556,30423,39577,0,1,320
0,0,0,0,0,0,15475,29271,39321,0,0,345
0,0,0,0,0,0,19940,29799,39209,0,0,350
0,0,0,0,0,0,19876,31047,39881,0,1,355
0,0,0,0,0,0,19860,29767,39225,0,0,360
0,0,0,0,0,0,19700,29687,39177,0,0,365
0,0,0,0,0,0,19604,29639,39145,0,0,370
0,0,0,0,0,0,19508,29559,39145,0,0,375
0,0,0,0,0,0,19492,29575,39081,0,0,380
0,0,0,0,0,0,19460,29527,39049,0,0,385
0,0,0,0,0,0,19524,30535,39673,0,1,390
0,0,0,0,0,0,19588,29639,39241,0,0,395
0,0,0,0,0,0,19540,29527,39145,0,0,400
0,0,0,0,0,0,19460,29607,39097,0,0,405
0,0,0,0,0,0,19412,29591,39081,0,0,410
0,0,0,0,0,0,19428,29655,39097,0,0,415
0,0,0,0,0,0,19444,30119,39545,0,0,420
0,0,0,0,0,0,19620,30919,39945,0,1,425
0,0,0,0,0,0,19636,29671,39145,0,0,430
0,0,0,0,0,0,19508,29591,39161,0,0,435
0,0,0,0,0,0,15475,29111,39177,0,0,448
0,0,0,0,0,0,23317,30503,39273,0,0,450
0,0,0,0,0,0,19956,29799,39097,0,0,455
0,0,0,0,0,0,19572,29543,39017,0,0,460
0,0,0,0,0,0,19540,29767,39113,0,1,465
0,0,0,0,0,0,19460,29527,39129,0,0,470
0,0,0,0,0,0,19460,29479,39065,0,0,475
0,0,0,0,0,0,19380,29591,39033,0,0,480
0,0,0,0,0,0,19380,29607,39065,0,0,485
0,0,0,0,0,0,19396,29847,39305,0,0,490
0,0,0,0,0,0,19508,30055,39465,0,1,495
0,0,0,0,0,0,19476,29671,39113,0,0,500
0,0,0,0,0,0,19380,29671,39129,0,0,505
0,0,0,0,0,0,19348,29639,39113,0,0,510
0,0,0,0,0,0,19348,29543,39113,0,0,515
0,0,0,0,0,0,19364,29527,39097,0,0,520
0,0,0,0,0,0,19348,29159,38761,0,0,525
0,0,0,0,0,0,19332,29623,39017,0,1,530
0,0,0,0,0,0,15331,29063,39145,0,0,543
0,0,0,0,0,0,23173,30471,39257,0,0,545
0,0,0,0,0,0,19876,29687,39065,0,0,550
0,0,0,0,0,0,19572,30311,39481,0,0,555
0,0,0,0,0,0,19412,29735,39113,0,1,560
0,0,0,0,0,0,19380,29639,39129,0,0,565
0,0,0,0,0,0,19364,29559,39129,0,0,570
0,0,0,0,0,0,19332,29527,39081,0,0,575
0,0,0,0,0,0,19300,29495,38985,0,0,580
0,0,0,0,0,0,19364,30087,39337,0,1,585
0,0,0,0,0,0,19412,29511,39161,0,0,590
0,0,0,0,0,0,19348,29511,39177,0,0,595
0,0,0,0,0,0,19316,29591,39081,0,0,600
0,0,0,0,0,0,19316,29815,39305,0,0,605
0,0,0,0,0,0,19476,30919,40073,0,1,610
0,0,0,0,0,0,19524,29575,39113,0,0,615
0,0,0,0,0,0,19332,29591,39113,0,0,620
0,0,0,0,0,0,19300,29607,39081,0,0,625
0,0,0,0,0,0,15315,29207,39241,0,1,638
0,0,0,0,0,0,23253,30519,39321,0,0,640
0,0,0,0,0,0,19860,29575,39065,0,0,645
0,0,0,0,0,0,19492,29655,39113,0,0,650
0,0,0,0,0,0,19380,29815,39145,0,0,655
0,0,0,0,0,0,19444,30455,39369,0,1,660
0,0,0,0,0,0,19428,29591,39129,0,0,665
0,0,0,0,0,0,19364,29623,39097,0,0,670
0,0,0,0,0,0,19300,29671,39145,0,0,675
0,0,0,0,0,0,19268,29143,38777,0,0,680
0,0,0,0,0,0,19300,29767,39225,0,1,685
0,0,0,0,0,0,19364,29511,39145,0,0,690
0,0,0,0,0,0,19300,29527,39097,0,0,695
0,0,0,0,0,0,19332,30295,39401,0,0,700
0,0,0,0,0,0,19428,30311,39417,0,1,705
0,0,0,0,0,0,19380,29655,39161,0,0,710
0,0,0,0,0,0,19316,29495,39129,0,0,715
0,0,0,0,0,0,19284,29639,39097,0,0,720
0,0,0,0,0,0,19364,31111,39913,0,1,725
0,0,0,0,0,0,15363,28999,39193,0,0,738
0,0,0,0,0,0,23205,30455,39257,0,0,740
0,0,0,0,0,0,19876,30855,39657,0,0,745
0,0,0,0,0,0,19556,29847,39177,0,1,750
0,0,0,0,0,0,19412,29623,39209,0,0,755
0,0,0,0,0,0,19380,29543,39129,0,0,760
0,0,0,0,0,0,19348,29559,38489,0,0,765
0,0,0,0,0,0,19140,29751,39129,0,1,770
0,0,0,0,0,0,19252,29591,39177,0,0,775
0,0,0,0,0,0,19268,29607,39177,0,0,780
0,0,0,0,0,0,19396,30631,39721,0,0,785
0,0,0,0,0,0,19380,29687,39145,0,1,790
0,0,0,0,0,0,19332,29575,39097,0,0,795
0,0,0,0,0,0,19268,29559,39161,0,0,800
0,0,0,0,0,0,19348,30807,39881,0,1,805
0,0,0,0,0,0,19460,29607,39209,0,0,810
0,0,0,0,0,0,19332,29479,39049,0,0,815
0,0,0,0,0,0,19300,30695,39801,0,0,820
0,0,0,0,0,0,15283,28983,39113,0,1,833
0,0,0,0,0,0,23173,30423,39241,0,0,835
0,0,0,0,0,0,19796,29511,38905,0,0,840
0,0,0,0,0,0,19492,30023,39209,0,1,845
0,0,0,0,0,0,19428,29575,39065,0,0,850
0,0,0,0,0,0,19300,29591,39065,0,0,855
0,0,0,0,0,0,19332,30535,39561,0,1,860
0,0,0,0,0,0,19364,29735,39193,0,0,865
0,0,0,0,0,0,19332,29447,39113,0,0,870
0,0,0,0,0,0,19252,29559,39161,0,0,875
0,0,0,0,0,0,19268,29671,39225,0,1,880
0,0,0,0,0,0,19300,29639,39097,0,0,885
0,0,0,0,0,0,19236,29543,39129,0,0,890
0,0,0,0,0,0,19316,30871,39705,0,1,895
0,0,0,0,0,0,19380,29655,39161,0,0,900
0,0,0,0,0,0,19300,29527,39145,0,0,905
0,0,0,0,0,0,19268,29015,38505,0,0,910
0,0,0,0,0,0,19108,29559,39193,0,1,915
0,0,0,0,0,0,15299,30439,40057,0,1,928
0,0,0,0,0,0,23381,30711,39321,0,0,930
0,0,0,0,0,0,19828,29847,39177,0,0,935
0,0,0,0,0,0,19492,29575,39145,0,0,940
0,0,0,0,0,0,19396,31111,39897,0,1,945
0,0,0,0,0,0,19508,29735,39177,0,0,950
0,0,0,0,0,0,19332,29607,39145,0,0,955
0,0,0,0,0,0,19316,30711,39785,0,0,960
0,0,0,0,0,0,19364,29719,39209,0,1,965
0,0,0,0,0,0,19316,29511,39209,0,0,970
0,0,0,0,0,0,19300,29639,39033,0,0,975
0,0,0,0,0,0,19268,29815,39225,0,1,980
0,0,0,0,0,0,19316,29607,39209,0,0,985
0,0,0,0,0,0,19284,29271,38841,0,0,990
0,0,0,0,0,0,19236,30215,39193,0,1,995
0,0,0,0,0,0,19300,29559,39145,0,0,1000
0,0,0,0,0,0,19316,30263,39657,0,0,1005
0,0,0,0,0,0,19380,30135,39321,0,1,1010
0,0,0,0,0,0,15267,30439,39673,0,0,1023
0,0,0,0,0,0,23221,31287,39593,0,1,1025
0,0,0,0,0,0,19812,29895,39161,0,0,1030
0,0,0,0,0,0,19444,29655,39129,0,0,1035
0,0,0,0,0,0,19396,30871,39913,0,1,1040
0,0,0,0,0,0,19492,29735,39193,0,0,1045
0,0,0,0,0,0,19332,29527,39145,0,0,1050
0,0,0,0,0,0,19236,29159,38777,0,0,1055
0,0,0,0,0,0,19204,29623,39193,0,1,1060
0,0,0,0,0,0,19284,29655,39241,0,0,1065
0,0,0,0,0,0,19316,29815,39417,0,0,1070
0,0,0,0,0,0,19348,29815,39129,0,1,1075
0,0,0,0,0,0,19236,29575,39129,0,0,1080
0,0,0,0,0,0,19268,29607,39097,0,0,1085
0,0,0,0,0,0,19380,32679,39545,0,1,1090
0,0,0,0,0,0,19316,29751,39177,0,0,1095
0,0,0,0,0,0,19268,29559,39097,0,0,1100
0,0,0,0,0,0,19220,29639,39017,0,0,1105
0,0,0,0,0,0,19236,29815,39177,0,1,1110
0,0,0,0,0,0,15203,29719,39497,0,0,1123
0,0,0,0,0,0,23205,30887,39385,0,1,1125
0,0,0,0,0,0,19764,29831,39161,0,0,1130
0,0,0,0,0,0,19412,29543,39113,0,0,1135
0,0,0,0,0,0,19316,30103,39033,0,0,1140
0,0,0,0,0,0,19252,29607,39145,0,1,1145
0,0,0,0,0,0,19236,29591,39113,0,0,1150
0,0,0,0,0,0,19236,29847,39385,0,0,1155
0,0,0,0,0,0,19348,29879,39193,0,1,1160
0,0,0,0,0,0,19316,29687,39161,0,0,1165
0,0,0,0,0,0,19284,29511,39065,0,0,1170
0,0,0,0,0,0,19236,29959,38857,0,0,1175
0,0,0,0,0,0,19220,29655,39209,0,1,1180
0,0,0,0,0,0,19284,29559,39081,0,0,1185
0,0,0,0,0,0,19220,29863,39401,0,0,1190
0,0,0,0,0,0,19316,30023,39257,0,1,1195
0,0,0,0,0,0,19316,29623,39145,0,0,1200
0,0,0,0,0,0,19220,29415,39081,0,0,1205
0,0,0,0,0,0,15139,29175,39209,0,1,1218
0,0,0,0,0,0,23141,30551,39257,0,0,1220
0,0,0,0,0,0,19748,29575,39145,0,0,1225
0,0,0,0,0,0,19444,30055,39289,0,1,1230
0,0,0,0,0,0,19396,29719,39113,0,0,1235
0,0,0,0,0,0,19268,29511,39081,0,0,1240
0,0,0,0,0,0,19220,29255,38873,0,0,1245
0,0,0,0,0,0,19236,29655,39081,0,1,1250
0,0,0,0,0,0,19220,29543,39033,0,0,1255
0,0,0,0,0,0,19204,29415,39065,0,0,1260
0,0,0,0,0,0,19300,31047,39881,0,1,1265
0,0,0,0,0,0,19396,29575,39129,0,0,1270
0,0,0,0,0,0,19220,29511,39081,0,0,1275
0,0,0,0,0,0,19188,29383,38825,0,0,1280
0,0,0,0,0,0,19172,29815,39177,0,1,1285
0,0,0,0,0,0,19284,29591,39129,0,0,1290
0,0,0,0,0,0,19204,29479,39033,0,0,1295
0,0,0,0,0,0,19252,30487,39481,0,0,1300
0,0,0,0,0,0,15155,28903,39097,1,1,1313
0,0,0,0,0,0,23077,30455,39353,0,0,1315
0,0,0,0,0,0,19764,29991,39145,0,1,1320
0,0,0,0,0,0,19396,29671,39145,0,0,1325
0,0,0,0,0,0,19284,29383,39097,0,0,1330
0,0,0,0,0,0,19220,29047,38681,0,0,1335
0,0,0,0,0,0,19204,29671,39097,0,1,1340
0,0,0,0,0,0,19204,29591,38985,0,0,1345
0,0,0,0,0,0,19188,29431,39017,0,0,1350
0,0,0,0,0,0,19284,31127,40313,0,1,1355
0,0,0,0,0,0,19524,29463,39049,0,0,1360
0,0,0,0,0,0,19236,29383,39001,0,0,1365
0,0,0,0,0,0,19220,29799,39257,0,0,1370
0,0,0,0,0,0,19364,29863,39273,0,1,1375
0,0,0,0,0,0,19316,29639,39113,0,0,1380
0,0,0,0,0,0,19236,29479,39049,0,0,1385
0,0,0,0,0,0,19252,31223,39273,0,0,1390
0,0,0,0,0,0,19236,29479,39113,1,1,1395
0,0,0,0,0,0,19188,29447,39033,0,0,1400
0,0,0,0,0,0,15139,29111,39273,0,1,1413
0,0,0,0,0,0,23157,30647,39241,0,0,1415
0,0,0,0,0,0,19780,29575,39081,0,0,1420
0,0,0,0,0,0,19428,29751,38905,0,0,1425
0,0,0,0,0,0,19300,29799,39081,0,1,1430
0,0,0,0,0,0,19220,29511,39001,1,0,1435
0,0,0,0,0,0,19220,29367,38953,0,0,1440
0,0,0,0,0,0,19236,29735,38985,0,0,1445
0,0,0,0,0,0,19204,29495,38985,0,1,1450
0,0,0,0,0,0,19188,29575,39049,0,0,1455
0,0,0,0,0,0,19236,29655,39177,0,0,1460
0,0,0,0,0,0,19316,30071,39241,0,1,1465
0,0,0,0,0,0,19284,29591,39033,1,0,1470
0,0,0,0,0,0,19188,29447,39001,0,0,1475
0,0,0,0,0,0,19172,29271,38841,0,0,1480
0,0,0,0,0,0,19204,29655,39161,0,1,1485
0,0,0,0,0,0,19188,29399,39113,0,0,1490
0,0,0,0,0,0,19236,29591,39097,0,0,1495
0,0,0,0,0,0,15123,28983,39145,1,1,1508
0,0,0,0,0,0,23061,30375,39161,0,0,1510
0,0,0,0,0,0,19684,29959,39401,0,0,1515
0,0,0,0,0,0,19508,29991,39209,0,1,1520
0,0,0,0,0,0,19380,29623,39129,0,0,1525
0,0,0,0,0,0,19300,29591,39145,0,0,1530
0,0,0,0,0,0,19284,30423,39337,0,0,1535
0,0,0,0,0,0,19268,29559,39001,1,1,1540
0,0,0,0,0,0,19204,29495,39081,0,0,1545
0,0,0,0,0,0,19204,29687,39321,0,0,1550
0,0,0,0,0,0,19316,29879,39129,0,1,1555
0,0,0,0,0,0,19268,29703,39097,0,0,1560
0,0,0,0,0,0,19220,29543,39113,0,0,1565
0,0,0,0,0,0,19220,30119,38041,0,0,1570
0,0,0,0,0,0,18980,29415,39033,1,1,1575
0,0,0,0,0,0,19124,29415,39017,0,0,1580
0,0,0,0,0,0,19156,29655,39209,0,0,1585
0,0,0,0,0,0,19284,30007,39353,0,1,1590
0,0,0,0,0,0,15219,29463,39337,0,0,1603
0,0,0,0,0,0,23109,31335,39033,1,0,1605
0,0,0,0,0,0,19668,29927,39193,0,1,1610
0,0,0,0,0,0,19396,29527,39081,0,0,1615
0,0,0,0,0,0,19300,30055,39497,0,0,1620
0,0,0,0,0,0,19364,29895,39113,0,1,1625
0,0,0,0,0,0,19268,29735,39113,0,0,1630
0,0,0,0,0,0,19172,29479,38969,1,0,1635
0,0,0,0,0,0,19252,31015,40057,0,1,1640
0,0,0,0,0,0,19428,29399,39113,0,0,1645
0,0,0,0,0,0,19220,29351,39017,0,0,1650
0,0,0,0,0,0,19188,29303,38825,0,0,1655
0,0,0,0,0,0,19252,29879,39289,0,1,1660
0,0,0,0,0,0,19300,29607,39097,0,0,1665
0,0,0,0,0,0,19188,29319,38985,1,0,1670
0,0,0,0,0,0,19220,30103,39177,0,1,1675
0,0,0,0,0,0,19236,29527,39097,0,0,1680
0,0,0,0,0,0,19188,29463,39017,0,0,1685
0,0,0,0,0,0,15075,29031,39081,1,1,1698
0,0,0,0,0,0,23029,30279,39161,0,0,1700
0,0,0,0,0,0,19668,29927,39241,0,0,1705
0,0,0,0,0,0,19492,29751,39097,0,1,1710
0,0,0,0,0,0,19284,29575,39017,0,0,1715
0,0,0,0,0,0,19268,29495,39065,0,0,1720
0,0,0,0,0,0,19236,30423,39305,1,1,1725
0,0,0,0,0,0,19284,29591,39129,0,0,1730
0,0,0,0,0,0,19204,29383,39065,0,0,1735
0,0,0,0,0,0,19220,29799,38393,0,0,1740
0,0,0,0,0,0,19076,29687,39209,0,1,1745
0,0,0,0,0,0,19236,29559,39161,0,0,1750
0,0,0,0,0,0,19156,29527,39129,1,0,1755
0,0,0,0,0,0,19204,29751,39081,0,1,1760
0,0,0,0,0,0,19172,29559,39033,0,0,1765
0,0,0,0,0,0,19156,29543,39033,0,0,1770
0,0,0,0,0,0,19252,30343,39369,0,1,1775
0,0,0,0,0,0,19252,29479,39001,1,0,1780
0,0,0,0,0,0,19172,29399,38953,0,0,1785
0,0,0,0,0,0,15139,29079,39209,0,1,1798
0,0,0,0,0,0,23157,30535,39257,0,0,1800
0,0,0,0,0,0,19700,29735,38985,0,0,1805
0,0,0,0,0,0,19380,29783,39065,1,1,1810
0,0,0,0,0,0,19236,29751,39049,0,0,1815
0,0,0,0,0,0,19220,29287,39001,0,0,1820
0,0,0,0,0,0,19252,29719,39081,0,1,1825
0,0,0,0,0,0,19220,29623,39065,0,0,1830
0,0,0,0,0,0,19156,29367,38953,1,0,1835
0,0,0,0,0,0,19236,30919,40041,0,1,1840
0,0,0,0,0,0,19380,29447,39065,0,0,1845
0,0,0,0,0,0,19188,29287,39001,0,0,1850
0,0,0,0,0,0,19268,31479,39657,0,0,1855
0,0,0,0,0,0,19252,29607,39097,1,1,1860
0,0,0,0,0,0,19172,29383,39001,0,0,1865
0,0,0,0,0,0,19172,29751,38985,0,0,1870
0,0,0,0,0,0,19140,29735,39081,0,1,1875
0,0,0,0,0,0,19188,29607,39145,0,0,1880
0,0,0,0,0,0,15107,29047,39209,1,1,1893
0,0,0,0,0,0,23109,30375,39193,0,0,1895
0,0,0,0,0,0,19684,29607,39017,0,0,1900
0,0,0,0,0,0,19444,30823,39705,0,1,1905
0,0,0,0,0,0,19348,29479,39033,1,0,1910
0,0,0,0,0,0,19220,29415,38969,0,0,1915
0,0,0,0,0,0,19236,30215,39065,0,0,1920
0,0,0,0,0,0,19236,29639,39113,0,1,1925
0,0,0,0,0,0,19172,29591,39081,0,0,1930
0,0,0,0,0,0,19124,29287,38809,1,0,1935
0,0,0,0,0,0,19156,29495,39113,0,1,1940
0,0,0,0,0,0,19156,29399,39017,0,0,1945
0,0,0,0,0,0,19220,30167,39689,0,0,1950
0,0,0,0,0,0,19396,30055,39289,0,1,1955
0,0,0,0,0,0,19252,29431,39033,1,0,1960
0,0,0,0,0,0,19156,29287,38937,0,0,1965
0,0,0,0,0,0,19172,30135,39241,0,1,1970
0,0,0,0,0,0,19268,29767,39209,0,0,1975
0,0,0,0,0,0,15107,29159,39209,1,1,1988
0,0,0,0,0,0,23141,30471,39241,0,0,1990
0,0,0,0,0,0,19700,29703,39065,0,0,1995
0,0,0,0,0,0,19364,29607,38969,0,0,2000
0,0,0,0,0,0,19220,29607,39097,1,1,2005
0,0,0,0,0,0,19220,29415,39017,0,0,2010
0,0,0,0,0,0,19220,30007,39433,0,0,2015
0,0,0,0,0,0,19332,29879,39129,0,1,2020
0,0,0,0,0,0,19236,29671,39145,0,0,2025
0,0,0,0,0,0,19124,29303,38969,1,0,2030
0,0,0,0,0,0,19188,30119,39177,0,1,2035
0,0,0,0,0,0,19220,29415,39081,0,0,2040
0,0,0,0,0,0,19140,29543,39049,0,0,2045
0,0,0,0,0,0,19268,31367,40297,0,1,2050
0,0,0,0,0,0,19364,29527,39161,1,0,2055
0,0,0,0,0,0,19172,29303,38937,0,0,2060
0,0,0,0,0,0,19140,29799,38585,0,0,2065
0,0,0,0,0,0,19060,29591,39129,0,1,2070
0,0,0,0,0,0,19076,29431,38985,1,0,2075
0,0,0,0,0,0,15027,29191,39209,0,1,2088
0,0,0,0,0,0,23125,30615,39289,0,0,2090
0,0,0,0,0,0,19700,30087,39465,0,0,2095
0,0,0,0,0,0,19412,29687,39017,1,1,2100
0,0,0,0,0,0,19252,29559,39065,0,0,2105
0,0,0,0,0,0,19204,29319,38985,0,0,2110
0,0,0,0,0,0,19252,30311,39401,0,1,2115
0,0,0,0,0,0,19220,29495,39001,1,0,2120
0,0,0,0,0,0,19156,29415,38985,0,0,2125
0,0,0,0,0,0,19188,30615,39849,0,1,2130
0,0,0,0,0,0,19412,29751,39209,0,0,2135
0,0,0,0,0,0,19252,29527,39081,0,0,2140
0,0,0,0,0,0,19156,30935,39209,1,0,2145
0,0,0,0,0,0,19220,29591,39081,0,1,2150
0,0,0,0,0,0,19188,29399,39129,0,0,2155
0,0,0,0,0,0,19188,30167,39545,0,0,2160
0,0,0,0,0,0,19204,29511,39001,1,1,2165
0,0,0,0,0,0,19124,29479,39081,0,0,2170
0,0,0,0,0,0,14963,29063,39049,1,1,2183
0,0,0,0,0,0,22981,30503,39241,0,0,2185
0,0,0,0,0,0,19652,29719,39081,0,0,2190
0,0,0,0,0,0,19412,31511,39369,0,1,2195
0,0,0,0,0,0,19300,29639,39113,0,0,2200
0,0,0,0,0,0,19140,29383,38985,1,0,2205
0,0,0,0,0,0,19172,31287,39449,0,0,2210
0,0,0,0,0,0,19236,29447,39033,0,1,2215
0,0,0,0,0,0,19188,29479,39145,0,0,2220
0,0,0,0,0,0,19108,29911,39369,1,0,2225
0,0,0,0,0,0,19236,29575,39065,0,1,2230
0,0,0,0,0,0,19156,29447,39049,0,0,2235
0,0,0,0,0,0,19172,29495,39113,0,0,2240
0,0,0,0,0,0,19140,30615,39369,1,1,2245
0,0,0,0,0,0,19220,29623,39065,0,0,2250
0,0,0,0,0,0,19124,29543,39033,0,0,2255
0,0,0,0,0,0,19252,31303,40457,0,1,2260
0,0,0,0,0,0,19428,29575,39001,1,0,2265
0,0,0,0,0,0,15059,29527,39337,0,1,2278
0,0,0,0,0,0,23221,30663,39321,0,0,2280
0,0,0,0,0,0,19636,29463,38937,1,0,2285
0,0,0,0,0,0,19284,29639,39065,0,0,2290
0,0,0,0,0,0,19268,29975,39177,0,1,2295
0,0,0,0,0,0,19284,29623,39113,0,0,2300
0,0,0,0,0,0,19124,29399,38905,1,0,2305
0,0,0,0,0,0,19204,30903,40009,0,1,2310
0,0,0,0,0,0,19348,29623,39065,0,0,2315
0,0,0,0,0,0,19188,29415,39113,0,0,2320
0,0,0,0,0,0,19044,26822,38633,1,0,2325
0,0,0,0,0,0,18980,29367,39049,0,1,2330
0,0,0,0,0,0,19092,29399,38985,0,0,2335
0,0,0,0,0,0,19172,30215,39593,0,0,2340
0,0,0,0,0,0,19204,29959,39289,1,1,2345
0,0,0,0,0,0,19204,29431,39017,0,0,2350
0,0,0,0,0,0,19108,29255,38905,0,0,2355
0,0,0,0,0,0,19220,30791,39833,0,1,2360
0,0,0,0,0,0,15107,29303,39465,1,0,2373
0,0,0,0,0,0,23077,32599,38697,0,0,2375
0,0,0,0,0,0,19812,29847,39129,0,1,2380
0,0,0,0,0,0,19412,29607,38953,1,0,2385
0,0,0,0,0,0,19268,30055,39577,0,0,2390
0,0,0,0,0,0,19396,30183,39321,0,1,2395
0,0,0,0,0,0,19236,29383,38937,1,0,2400
0,0,0,0,0,0,19108,29383,38873,0,0,2405
0,0,0,0,0,0,19172,30999,40329,0,1,2410
0,0,0,0,0,0,19444,29735,39177,0,0,2415
0,0,0,0,0,0,19172,29287,38953,1,0,2420
0,0,0,0,0,0,19076,29127,38713,0,0,2425
0,0,0,0,0,0,19108,29911,39065,0,1,2430
0,0,0,0,0,0,19140,29575,39081,0,0,2435
0,0,0,0,0,0,19060,29255,38889,1,0,2440
0,0,0,0,0,0,19140,30135,39305,0,1,2445
0,0,0,0,0,0,19220,29559,39145,0,0,2450
0,0,0,0,0,0,19124,29431,39001,0,0,2455
0,0,0,0,0,0,19044,28967,38553,1,0,2460
0,0,0,0,0,0,14963,28935,39017,1,1,2473
0,0,0,0,0,0,22949,30455,39161,0,0,2475
0,0,0,0,0,0,19652,29943,39097,0,1,2480
0,0,0,0,0,0,19316,29559,39097,0,0,2485
0,0,0,0,0,0,19236,29399,38969,0,0,2490
0,0,0,0,0,0,19220,31127,39945,1,0,2495
0,0,0,0,0,0,19332,29575,39017,0,1,2500
0,0,0,0,0,0,19188,29447,39033,0,0,2505
0,0,0,0,0,0,19092,30007,39433,1,0,2510
0,0,0,0,0,0,19236,29831,39065,0,1,2515
0,0,0,0,0,0,19124,29447,38985,0,0,2520
0,0,0,0,0,0,19076,29367,38937,1,0,2525
0,0,0,0,0,0,19172,30791,39929,0,1,2530
0,0,0,0,0,0,19300,29463,39033,0,0,2535
0,0,0,0,0,0,19156,29495,39049,0,0,2540
0,0,0,0,0,0,19060,29783,39257,1,0,2545
0,0,0,0,0,0,19172,29639,39049,0,1,2550
0,0,0,0,0,0,19124,29335,39001,0,0,2555
0,0,0,0,0,0,14995,29207,39161,1,1,2568
0,0,0,0,0,0,22981,30551,39241,0,0,2570
0,0,0,0,0,0,19684,29687,39097,0,0,2575
0,0,0,0,0,0,19268,29847,39337,1,0,2580
0,0,0,0,0,0,19300,29847,39097,0,1,2585
0,0,0,0,0,0,19220,29831,39097,0,0,2590
0,0,0,0,0,0,19092,29303,38857,1,0,2595
0,0,0,0,0,0,19124,29879,38905,0,0,2600
0,0,0,0,0,0,19060,29367,38985,0,1,2605
0,0,0,0,0,0,19124,29543,39049,0,0,2610
0,0,0,0,0,0,19028,29687,39001,1,0,2615
0,0,0,0,0,0,19108,29911,39225,0,1,2620
0,0,0,0,0,0,19220,29511,39193,0,0,2625
0,0,0,0,0,0,19060,29447,38969,1,0,2630
0,0,0,0,0,0,19044,29175,38761,0,0,2635
0,0,0,0,0,0,19092,29463,39065,0,1,2640
0,0,0,0,0,0,19124,29479,39033,0,0,2645
0,0,0,0,0,0,19044,29255,38921,1,0,2650
0,0,0,0,0,0,14931,28999,39049,1,1,2663
0,0,0,0,0,0,22949,30231,39113,0,0,2665
0,0,0,0,0,0,19572,29799,39177,0,0,2670
0,0,0,0,0,0,19396,29655,39017,0,1,2675
0,0,0,0,0,0,19172,29463,38969,1,0,2680
0,0,0,0,0,0,19108,29479,38953,0,0,2685
0,0,0,0,0,0,19140,30375,39017,0,0,2690
0,0,0,0,0,0,19140,29559,39065,0,1,2695
0,0,0,0,0,0,19060,29431,38889,1,0,2700
0,0,0,0,0,0,19028,29447,38969,0,0,2705
0,0,0,0,0,0,19204,30791,39673,0,1,2710
0,0,0,0,0,0,19188,29303,38905,1,0,2715
0,0,0,0,0,0,19060,29159,38905,0,0,2720
0,0,0,0,0,0,19156,29127,38761,0,0,2725
0,0,0,0,0,0,19028,29623,39001,1,1,2730
0,0,0,0,0,0,19060,29431,39033,0,0,2735
0,0,0,0,0,0,19060,29351,38969,0,0,2740
0,0,0,0,0,0,19092,29783,38825,1,0,2745
0,0,0,0,0,0,19028,29447,39033,0,1,2750
0,0,0,0,0,0,14963,29607,39225,1,0,2763
0,0,0,0,0,0,23061,31159,39417,0,1,2765
0,0,0,0,0,0,19652,29559,38953,0,0,2770
0,0,0,0,0,0,19268,29463,38969,1,0,2775
0,0,0,0,0,0,19140,29431,38873,0,0,2780
0,0,0,0,0,0,19140,29799,39033,0,1,2785
0,0,0,0,0,0,19140,29495,39081,0,0,2790
0,0,0,0,0,0,19044,29255,38745,1,0,2795
0,0,0,0,0,0,19092,30231,39081,0,0,2800
0,0,0,0,0,0,19124,29351,39017,0,1,2805
0,0,0,0,0,0,19028,29271,38825,1,0,2810
0,0,0,0,0,0,19060,29335,38825,0,0,2815
0,0,0,0,0,0,19204,31287,40297,0,1,2820
0,0,0,0,0,0,19300,29431,38937,1,0,2825
0,0,0,0,0,0,19092,29143,38857,0,0,2830
0,0,0,0,0,0,19060,29575,39065,0,0,2835
0,0,0,0,0,0,19060,29639,38905,1,1,2840
0,0,0,0,0,0,19060,29463,39001,0,0,2845
0,0,0,0,0,0,14995,30455,39961,1,1,2858
0,0,0,0,0,0,23285,30391,39113,0,0,2860
0,0,0,0,0,0,19572,29591,38937,0,0,2865
0,0,0,0,0,0,19300,29367,38969,0,0,2870
0,0,0,0,0,0,19124,29159,38681,1,0,2875
0,0,0,0,0,0,19076,29543,38953,0,1,2880
0,0,0,0,0,0,19156,29495,39001,0,0,2885
0,0,0,0,0,0,19044,29287,38889,1,0,2890
0,0,0,0,0,0,19108,29735,38313,0,0,2895
0,0,0,0,0,0,18932,29607,39145,0,1,2900
0,0,0,0,0,0,19012,29335,38857,1,0,2905
0,0,0,0,0,0,19012,29367,38857,0,0,2910
0,0,0,0,0,0,19108,30679,39977,0,0,2915
0,0,0,0,0,0,19220,29239,38857,1,1,2920
0,0,0,0,0,0,19044,29271,38777,0,0,2925
0,0,0,0,0,0,19060,29351,38905,0,0,2930
0,0,0,0,0,0,19060,30455,39673,1,1,2935
0,0,0,0,0,0,19188,29415,38905,0,0,2940
0,0,0,0,0,0,14947,30183,39225,1,0,2953
0,0,0,0,0,0,23077,31399,39817,0,1,2955
0,0,0,0,0,0,19780,29607,39033,0,0,2960
0,0,0,0,0,0,19236,29079,38777,1,0,2965
0,0,0,0,0,0,19140,29303,38777,0,0,2970
0,0,0,0,0,0,19220,30695,39769,0,1,2975
0,0,0,0,0,0,19268,29431,38889,1,0,2980
0,0,0,0,0,0,19108,29271,38857,0,0,2985
0,0,0,0,0,0,19108,29351,38953,0,0,2990
0,0,0,0,0,0,19044,29863,38969,1,1,2995
0,0,0,0,0,0,19044,29431,38937,0,0,3000
0,0,0,0,0,0,19124,29431,38985,0,0,3005
0,0,0,0,0,0,19028,29255,38857,1,0,3010
0,0,0,0,0,0,19092,30167,39129,0,1,3015
0,0,0,0,0,0,19124,29495,39001,0,0,3020
0,0,0,0,0,0,19012,29191,38793,1,0,3025
0,0,0,0,0,0,19028,29511,39257,0,0,3030
0,0,0,0,0,0,19236,29975,39305,0,1,3035
0,0,0,0,0,0,14963,28951,39033,1,0,3048
0,0,0,0,0,0,22997,30983,39801,0,0,3050
0,0,0,0,0,0,19684,29895,39081,1,1,3055
0,0,0,0,0,0,19236,29303,38841,0,0,3060
0,0,0,0,0,0,19188,29463,39017,0,0,3065
0,0,0,0,0,0,19060,29671,39081,1,0,3070
0,0,0,0,0,0,19108,29863,39065,0,1,3075
0,0,0,0,0,0,19124,29415,38937,0,0,3080
0,0,0,0,0,0,19012,29223,38761,1,0,3085
0,0,0,0,0,0,19028,29559,39017,0,0,3090
0,0,0,0,0,0,19124,29815,39129,0,1,3095
0,0,0,0,0,0,19012,29239,38921,1,0,3100
0,0,0,0,0,0,19028,29159,38761,0,0,3105
0,0,0,0,0,0,19076,29415,38841,0,0,3110
0,0,0,0,0,0,19012,29415,38905,1,1,3115
0,0,0,0,0,0,19028,29319,38873,0,0,3120
0,0,0,0,0,0,19060,29351,38937,0,0,3125
0,0,0,0,0,0,18964,29063,38553,1,0,3130
0,0,0,0,0,0,18964,29607,38937,0,1,3135
0,0,0,0,0,0,14915,28695,38873,1,0,3148
0,0,0,0,0,0,22661,29863,38713,0,0,3150
0,0,0,0,0,0,19444,29751,38953,1,1,3155
0,0,0,0,0,0,19188,29383,38777,0,0,3160
0,0,0,0,0,0,19156,29399,38953,0,0,3165
0,0,0,0,0,0,19012,28999,38553,1,0,3170
0,0,0,0,0,0,19028,29479,38905,0,1,3175
0,0,0,0,0,0,19092,29511,38953,0,0,3180
0,0,0,0,0,0,18980,29351,38761,1,0,3185
0,0,0,0,0,0,18996,29063,38617,0,0,3190
0,0,0,0,0,0,19076,29735,39097,0,1,3195
0,0,0,0,0,0,19012,29351,38777,1,0,3200
0,0,0,0,0,0,19028,29287,38777,0,0,3205
0,0,0,0,0,0,19044,29383,38809,0,0,3210
0,0,0,0,0,0,18996,29303,38921,1,1,3215
0,0,0,0,0,0,19012,29127,38873,0,0,3220
0,0,0,0,0,0,18980,29223,38793,1,0,3225
0,0,0,0,0,0,18980,29223,38649,0,0,3230
0,0,0,0,0,0,14899,28743,38953,1,1,3243
0,0,0,0,0,0,22693,30071,38905,0,0,3245
0,0,0,0,0,0,19492,29159,38793,0,0,3250
0,0,0,0,0,0,19172,29767,38969,1,1,3255
0,0,0,0,0,0,19124,29303,38857,0,0,3260
0,0,0,0,0,0,19124,29191,38905,0,0,3265
0,0,0,0,0,0,19012,29111,38537,1,0,3270
0,0,0,0,0,0,19012,29559,38905,0,1,3275
0,0,0,0,0,0,19108,29431,38969,0,0,3280
0,0,0,0,0,0,19012,29271,38809,1,0,3285
0,0,0,0,0,0,19028,29415,38745,0,0,3290
0,0,0,0,0,0,19076,29559,39017,0,1,3295
0,0,0,0,0,0,19012,29271,38793,1,0,3300
0,0,0,0,0,0,19012,29143,38793,0,0,3305
0,0,0,0,0,0,19092,29799,39209,0,0,3310
0,0,0,0,0,0,19124,29527,38905,1,1,3315
0,0,0,0,0,0,19044,29319,38825,0,0,3320
0,0,0,0,0,0,19012,29351,38841,1,0,3325
0,0,0,0,0,0,14947,28855,38857,1,1,3338
0,0,0,0,0,0,22933,30231,38985,0,0,3340
0,0,0,0,0,0,19508,29543,38873,0,0,3345
0,0,0,0,0,0,19268,29447,38905,0,0,3350
0,0,0,0,0,0,19188,30599,39465,1,1,3355
0,0,0,0,0,0,19220,29431,38873,0,0,3360
0,0,0,0,0,0,19124,29495,38889,0,0,3365
0,0,0,0,0,0,19012,29207,38697,1,0,3370
0,0,0,0,0,0,19076,30551,39369,0,1,3375
0,0,0,0,0,0,19156,29415,38889,1,0,3380
0,0,0,0,0,0,19044,29271,38809,0,0,3385
0,0,0,0,0,0,19060,29399,38921,0,0,3390
0,0,0,0,0,0,19012,29975,39049,1,0,3395
0,0,0,0,0,0,19028,29367,38889,0,1,3400
0,0,0,0,0,0,19076,29383,38857,0,0,3405
0,0,0,0,0,0,18980,29191,38697,1,0,3410
0,0,0,0,0,0,18948,28871,38505,0,0,3415
0,0,0,0,0,0,19012,29223,38985,0,1,3420
0,0,0,0,0,0,19012,29207,38745,1,0,3425
0,0,0,0,0,0,14947,29463,39273,1,1,3438
0,0,0,0,0,0,23045,30423,39081,0,0,3440
0,0,0,0,0,0,19572,29511,38969,0,0,3445
0,0,0,0,0,0,19172,29287,38713,1,0,3450
0,0,0,0,0,0,19108,29655,39001,0,0,3455
0,0,0,0,0,0,19172,30295,39209,0,1,3460
0,0,0,0,0,0,19140,29351,38857,1,0,3465
0,0,0,0,0,0,19044,29095,38713,0,0,3470
0,0,0,0,0,0,18964,29303,38777,1,0,3475
0,0,0,0,0,0,19108,30263,39273,0,1,3480
0,0,0,0,0,0,19188,29479,38985,0,0,3485
0,0,0,0,0,0,18996,29207,38761,1,0,3490
0,0,0,0,0,0,18996,29127,38745,0,0,3495
0,0,0,0,0,0,19124,32279,39113,0,1,3500
0,0,0,0,0,0,18996,29415,38905,1,0,3505
0,0,0,0,0,0,18996,29319,38857,0,0,3510
0,0,0,0,0,0,19060,29351,38857,1,0,3515
0,0,0,0,0,0,19060,30375,39401,0,0,3520
0,0,0,0,0,0,14947,28743,38841,1,1,3533
0,0,0,0,0,0,22901,30167,39049,0,0,3535
0,0,0,0,0,0,19524,29127,38697,0,0,3540
0,0,0,0,0,0,19172,29479,38825,1,1,3545
0,0,0,0,0,0,19108,29367,38857,0,0,3550
0,0,0,0,0,0,19108,29335,38889,0,0,3555
0,0,0,0,0,0,19028,29271,38617,1,0,3560
0,0,0,0,0,0,19092,30039,39161,0,1,3565
0,0,0,0,0,0,19060,29239,38713,1,0,3570
0,0,0,0,0,0,18980,29175,38745,0,0,3575
0,0,0,0,0,0,19044,29351,38905,0,0,3580
0,0,0,0,0,0,19044,30087,39193,1,1,3585
0,0,0,0,0,0,19108,29319,38777,0,0,3590
0,0,0,0,0,0,18980,29143,38729,1,0,3595
0,0,0,0,0,0,18980,29223,38729,0,0,3600
0,0,0,0,0,0,19092,30903,39897,0,1,3605
0,0,0,0,0,0,19188,29479,38873,1,0,3610
0,0,0,0,0,0,19028,29335,38793,0,0,3615
0,0,0,0,0,0,14899,28983,38969,1,1,3628
0,0,0,0,0,0,22965,30407,39097,0,0,3630
0,0,0,0,0,0,19476,29463,38857,1,0,3635
0,0,0,0,0,0,19188,29111,38761,0,0,3640
0,0,0,0,0,0,19124,29143,38761,0,0,3645
0,0,0,0,0,0,19028,29415,38777,1,1,3650
0,0,0,0,0,0,19044,29335,38793,0,0,3655
0,0,0,0,0,0,19060,29399,38873,0,0,3660
0,0,0,0,0,0,19044,30023,39449,1,0,3665
0,0,0,0,0,0,19236,29831,39033,0,1,3670
0,0,0,0,0,0,19044,29303,38793,1,0,3675
0,0,0,0,0,0,19012,29111,38777,0,0,3680
0,0,0,0,0,0,19076,29351,38921,0,0,3685
0,0,0,0,0,0,19108,30935,39929,1,1,3690
0,0,0,0,0,0,19236,29335,38777,0,0,3695
0,0,0,0,0,0,19012,29223,38745,1,0,3700
0,0,0,0,0,0,19012,29159,38745,0,0,3705
0,0,0,0,0,0,19060,29559,38633,0,0,3710
0,0,0,0,0,0,14883,28823,38937,1,1,3723
0,0,0,0,0,0,22885,30343,39081,0,0,3725
0,0,0,0,0,0,19444,29303,38697,1,0,3730
0,0,0,0,0,0,19236,29655,39017,0,1,3735
0,0,0,0,0,0,19076,29303,38729,1,0,3740
0,0,0,0,0,0,19028,29095,38777,0,0,3745
0,0,0,0,0,0,19108,30103,39561,0,0,3750
0,0,0,0,0,0,19156,29735,39017,1,1,3755
0,0,0,0,0,0,19060,29303,38809,0,0,3760
0,0,0,0,0,0,19060,29255,38777,0,0,3765
0,0,0,0,0,0,18980,29095,38681,1,0,3770
0,0,0,0,0,0,19124,30935,39913,0,1,3775
0,0,0,0,0,0,19172,29191,38697,1,0,3780
0,0,0,0,0,0,18996,29207,38729,0,0,3785
0,0,0,0,0,0,19044,29239,38793,0,0,3790
0,0,0,0,0,0,19028,29735,38809,1,0,3795
0,0,0,0,0,0,19076,29399,38969,0,1,3800
0,0,0,0,0,0,19028,29415,38825,0,0,3805
0,0,0,0,0,0,19044,29383,38857,0,0,3810
0,0,0,0,0,0,14851,28807,38841,1,1,3823
0,0,0,0,0,0,22933,30519,39081,0,0,3825
0,0,0,0,0,0,19460,29431,38825,1,0,3830
0,0,0,0,0,0,19188,29287,38697,0,0,3835
0,0,0,0,0,0,19124,29463,38841,0,1,3840
0,0,0,0,0,0,19028,29271,38793,1,0,3845
0,0,0,0,0,0,19028,29367,38761,0,0,3850
0,0,0,0,0,0,18980,29335,38905,1,0,3855
0,0,0,0,0,0,19076,29943,39097,0,1,3860
0,0,0,0,0,0,19092,29511,38969,0,0,3865
0,0,0,0,0,0,18996,29223,38809,1,0,3870
0,0,0,0,0,0,18980,29255,38761,0,0,3875
0,0,0,0,0,0,19044,30631,39401,1,1,3880
0,0,0,0,0,0,19140,29287,38841,0,0,3885
0,0,0,0,0,0,19076,29191,38873,0,0,3890
0,0,0,0,0,0,18996,29287,38729,1,0,3895
0,0,0,0,0,0,19044,29847,38777,0,0,3900
0,0,0,0,0,0,19012,29335,38841,1,1,3905
0,0,0,0,0,0,14883,29303,39401,1,0,3918
0,0,0,0,0,0,23061,30311,39033,0,0,3920
0,0,0,0,0,0,19620,29767,39113,0,1,3925
0,0,0,0,0,0,19284,29543,38985,1,0,3930
0,0,0,0,0,0,19156,29495,38969,0,0,3935
0,0,0,0,0,0,19188,29479,38857,0,0,3940
0,0,0,0,0,0,19092,29703,39049,1,1,3945
0,0,0,0,0,0,19092,29303,38985,0,0,3950
0,0,0,0,0,0,19060,29463,38937,1,0,3955
0,0,0,0,0,0,19060,29655,39289,0,0,3960
0,0,0,0,0,0,19268,30279,39369,0,1,3965
0,0,0,0,0,0,19156,29559,39081,1,0,3970
0,0,0,0,0,0,19092,29511,39049,0,0,3975
0,0,0,0,0,0,19060,29415,39033,1,0,3980
0,0,0,0,0,0,19188,31991,39161,0,1,3985
0,0,0,0,0,0,19140,29431,39209,0,0,3990
0,0,0,0,0,0,19076,29383,38969,1,0,3995
0,0,0,0,0,0,19044,29415,38953,0,0,4000
0,0,0,0,0,0,14931,29015,39161,0,1,4013
0,0,0,0,0,0,22965,30519,39273,1,0,4015
0,0,0,0,0,0,19604,29639,39017,0,0,4020
0,0,0,0,0,0,19364,30663,39161,0,0,4025
0,0,0,0,0,0,19156,29479,38969,1,1,4030
0,0,0,0,0,0,19124,29319,38953,0,0,4035
0,0,0,0,0,0,19140,29575,39097,0,0,4040
0,0,0,0,0,0,19060,29543,38841,1,0,4045
0,0,0,0,0,0,19140,29767,39145,0,1,4050
0,0,0,0,0,0,19060,29479,39033,1,0,4055
0,0,0,0,0,0,19060,29415,39017,0,0,4060
0,0,0,0,0,0,19156,29847,39129,0,0,4065
0,0,0,0,0,0,19092,30215,39225,1,1,4070
0,0,0,0,0,0,19220,29591,39161,0,0,4075
0,0,0,0,0,0,19076,29415,39001,1,0,4080
0,0,0,0,0,0,19060,29703,39305,0,0,4085
0,0,0,0,0,0,19236,29975,39209,0,1,4090
0,0,0,0,0,0,19076,29575,39033,1,0,4095
0,0,0,0,0,0,19108,29351,39113,0,0,4100
0,0,0,0,0,0,14995,29207,39225,1,1,4113
0,0,0,0,0,0,23077,30663,39321,0,0,4115
0,0,0,0,0,0,19604,29607,38985,1,0,4120
0,0,0,0,0,0,19300,29511,39113,0,0,4125
0,0,0,0,0,0,19172,30327,39385,1,1,4130
0,0,0,0,0,0,19220,29591,39065,0,0,4135
0,0,0,0,0,0,19124,29575,38969,1,0,4140
0,0,0,0,0,0,19060,29335,38889,0,0,4145
0,0,0,0,0,0,19188,30711,39593,0,0,4150
0,0,0,0,0,0,19172,29655,39065,1,1,4155
0,0,0,0,0,0,19124,29575,39081,0,0,4160
0,0,0,0,0,0,19044,29447,38985,1,0,4165
0,0,0,0,0,0,19028,28582,38441,0,0,4170
0,0,0,0,0,0,18964,29543,39081,0,1,4175
0,0,0,0,0,0,19044,29479,38953,1,0,4180
0,0,0,0,0,0,19108,29607,39113,0,0,4185
0,0,0,0,0,0,19028,29463,38953,1,0,4190
0,0,0,0,0,0,19076,29639,39049,0,1,4195
0,0,0,0,0,0,14883,28983,39145,1,0,4208
0,0,0,0,0,0,23013,30599,39257,0,0,4210
0,0,0,0,0,0,19620,29847,39113,1,1,4215
0,0,0,0,0,0,19268,29559,39049,0,0,4220
0,0,0,0,0,0,19140,29447,38921,1,0,4225
0,0,0,0,0,0,19092,29623,38969,0,0,4230
0,0,0,0,0,0,19140,30007,39273,0,1,4235
0,0,0,0,0,0,19140,29447,39001,1,0,4240
0,0,0,0,0,0,19060,29543,39017,0,0,4245
0,0,0,0,0,0,19092,30199,39625,1,0,4250
0,0,0,0,0,0,19188,29399,38969,0,1,4255
0,0,0,0,0,0,19092,29671,39161,0,0,4260
0,0,0,0,0,0,19044,29255,38953,1,0,4265
0,0,0,0,0,0,19028,29607,39241,0,0,4270
0,0,0,0,0,0,19156,30071,39257,1,1,4275
0,0,0,0,0,0,19092,29479,39097,0,0,4280
0,0,0,0,0,0,19124,29559,39113,0,0,4285
0,0,0,0,0,0,19028,29367,38921,1,0,4290
0,0,0,0,0,0,14883,28919,39049,1,1,4303
0,0,0,0,0,0,22933,30503,39225,0,0,4305
0,0,0,0,0,0,19524,29591,39033,1,0,4310
0,0,0,0,0,0,19300,31047,40057,0,1,4315
0,0,0,0,0,0,19428,29431,39161,0,0,4320
0,0,0,0,0,0,19108,29447,38953,1,0,4325
0,0,0,0,0,0,19076,29431,39001,0,0,4330
0,0,0,0,0,0,19108,31175,39769,1,1,4335
0,0,0,0,0,0,19220,29575,39017,0,0,4340
0,0,0,0,0,0,19140,29655,39113,0,0,4345
0,0,0,0,0,0,19044,29335,38985,1,0,4350
0,0,0,0,0,0,19156,30695,39225,0,0,4355
0,0,0,0,0,0,19156,29495,39033,1,1,4360
0,0,0,0,0,0,19060,29447,38905,0,0,4365
0,0,0,0,0,0,19044,29335,38937,1,0,4370
0,0,0,0,0,0,19060,29111,37977,0,0,4375
0,0,0,0,0,0,18964,29671,39193,0,1,4380
0,0,0,0,0,0,19108,29335,38985,1,0,4385
0,0,0,0,0,0,14915,29191,39097,1,1,4398
0,0,0,0,0,0,22949,30551,39241,0,0,4400
0,0,0,0,0,0,19668,29527,39017,0,0,4405
0,0,0,0,0,0,19220,29431,38889,1,0,4410
0,0,0,0,0,0,19172,28951,38441,0,0,4415
0,0,0,0,0,0,18964,29479,38985,1,1,4420
0,0,0,0,0,0,19076,29415,38985,0,0,4425
0,0,0,0,0,0,19044,29383,38873,1,0,4430
0,0,0,0,0,0,19028,28999,38521,0,0,4435
0,0,0,0,0,0,19012,29719,39257,0,1,4440
0,0,0,0,0,0,19060,29319,38969,1,0,4445
0,0,0,0,0,0,19028,29287,38985,0,0,4450
0,0,0,0,0,0,19012,29175,38681,1,0,4455
0,0,0,0,0,0,19044,29735,39049,0,1,4460
0,0,0,0,0,0,19092,29463,39081,0,0,4465
0,0,0,0,0,0,19028,29271,38889,1,0,4470
0,0,0,0,0,0,19076,29415,38921,0,0,4475
0,0,0,0,0,0,19012,29527,38985,1,1,4480
0,0,0,0,0,0,19028,29287,38969,0,0,4485
0,0,0,0,0,0,14995,29655,39401,1,1,4498
0,0,0,0,0,0,23141,30711,39353,0,0,4500
0,0,0,0,0,0,19604,29527,38985,1,0,4505
0,0,0,0,0,0,19284,29447,39065,0,0,4510
0,0,0,0,0,0,19108,29351,38761,1,0,4515
0,0,0,0,0,0,19108,30039,39145,0,1,4520
0,0,0,0,0,0,19124,29895,39161,0,0,4525
0,0,0,0,0,0,19044,29367,38937,1,0,4530
0,0,0,0,0,0,19060,29527,38985,0,0,4535
0,0,0,0,0,0,19028,29559,39017,1,1,4540
0,0,0,0,0,0,19044,29479,39033,0,0,4545
0,0,0,0,0,0,19012,29319,38953,1,0,4550
0,0,0,0,0,0,19012,29191,38745,0,0,4555
0,0,0,0,0,0,19028,29719,38985,1,1,4560
0,0,0,0,0,0,19044,29495,39001,0,0,4565
0,0,0,0,0,0,19092,29591,39113,0,0,4570
0,0,0,0,0,0,19012,29143,38841,1,0,4575
0,0,0,0,0,0,19060,29719,39065,0,1,4580
0,0,0,0,0,0,14979,29063,39257,1,0,4593
0,0,0,0,0,0,23029,30391,39017,0,0,4595
0,0,0,0,0,0,19524,29767,39097,1,1,4600
0,0,0,0,0,0,19300,29607,39065,0,0,4605
0,0,0,0,0,0,19108,29463,38889,1,0,4610
0,0,0,0,0,0,19092,29527,38889,0,0,4615
0,0,0,0,0,0,19092,29671,39049,1,1,4620
0,0,0,0,0,0,19076,29399,38969,0,0,4625
0,0,0,0,0,0,19124,29575,39017,0,0,4630
0,0,0,0,0,0,19012,29559,38857,1,0,4635
0,0,0,0,0,0,19076,29463,39001,0,1,4640
0,0,0,0,0,0,19060,29431,38937,1,0,4645
0,0,0,0,0,0,19044,29271,38937,0,0,4650
0,0,0,0,0,0,19076,29639,38985,0,0,4655
0,0,0,0,0,0,19044,29847,39145,1,1,4660
0,0,0,0,0,0,19108,29607,39129,0,0,4665
0,0,0,0,0,0,19012,29335,38969,1,0,4670
0,0,0,0,0,0,19076,29543,39001,0,0,4675
0,0,0,0,0,0,14995,28935,39129,1,1,4688
0,0,0,0,0,0,22949,30487,39209,1,0,4690
0,0,0,0,0,0,19524,29559,38873,0,0,4695
0,0,0,0,0,0,19300,29943,39209,0,1,4700
0,0,0,0,0,0,19188,29511,39033,1,0,4705
0,0,0,0,0,0,19172,29543,39081,0,0,4710
0,0,0,0,0,0,19044,29191,38761,1,0,4715
0,0,0,0,0,0,19044,29655,39129,0,1,4720
0,0,0,0,0,0,19060,29543,38985,1,0,4725
0,0,0,0,0,0,19044,29415,38985,0,0,4730
0,0,0,0,0,0,19060,29223,38937,1,0,4735
0,0,0,0,0,0,19060,29735,39065,0,1,4740
0,0,0,0,0,0,19124,29655,39161,0,0,4745
0,0,0,0,0,0,19028,29431,38953,1,0,4750
0,0,0,0,0,0,19108,30887,39193,0,0,4755
0,0,0,0,0,0,19124,29543,39049,1,1,4760
0,0,0,0,0,0,19044,29239,38969,0,0,4765
0,0,0,0,0,0,19076,29591,39097,0,0,4770
0,0,0,0,0,0,19092,29815,38473,1,0,4775
0,0,0,0,0,0,14835,28903,39017,1,1,4788
0,0,0,0,0,0,22901,30439,39177,0,0,4790
0,0,0,0,0,0,19572,30423,39225,1,0,4795
0,0,0,0,0,0,19332,29655,39161,0,1,4800
0,0,0,0,0,0,19172,29511,39001,1,0,4805
0,0,0,0,0,0,19108,29431,38937,0,0,4810
0,0,0,0,0,0,19156,30359,39593,0,1,4815
0,0,0,0,0,0,19188,29591,39065,1,0,4820
0,0,0,0,0,0,19108,29415,38985,0,0,4825
0,0,0,0,0,0,19044,29223,38905,1,0,4830
0,0,0,0,0,0,19156,31127,40377,0,1,4835
0,0,0,0,0,0,19396,29719,39177,0,0,4840
0,0,0,0,0,0,19076,29287,39049,1,0,4845
0,0,0,0,0,0,19108,29527,39097,0,0,4850
0,0,0,0,0,0,19124,30983,40265,1,1,4855
0,0,0,0,0,0,19380,29943,39225,0,0,4860
0,0,0,0,0,0,19124,29143,38889,1,0,4865
0,0,0,0,0,0,19076,29399,39033,0,0,4870
0,0,0,0,0,0,14995,29175,39257,1,1,4883
0,0,0,0,0,0,23045,30663,39273,0,0,4885
0,0,0,0,0,0,19636,30135,39401,0,0,4890
0,0,0,0,0,0,19412,30199,39241,0,1,4895
0,0,0,0,0,0,19236,29527,39017,1,0,4900
0,0,0,0,0,0,19156,29463,39097,0,0,4905
0,0,0,0,0,0,19108,29815,39337,1,0,4910
0,0,0,0,0,0,19204,29751,39049,0,1,4915
0,0,0,0,0,0,19108,29495,38937,1,0,4920
0,0,0,0,0,0,19044,29543,39065,0,0,4925
0,0,0,0,0,0,19092,29271,38841,0,0,4930
0,0,0,0,0,0,19012,29527,39081,1,1,4935
0,0,0,0,0,0,19124,29543,39193,0,0,4940
0,0,0,0,0,0,19028,29335,39033,1,0,4945
0,0,0,0,0,0,19044,29431,38985,0,0,4950
0,0,0,0,0,0,19060,29511,39001,1,1,4955
0,0,0,0,0,0,19044,29399,38953,0,0,4960
0,0,0,0,0,0,19012,29399,38953,1,0,4965
0,0,0,0,0,0,14931,28903,39081,1,1,4978
0,0,0,0,0,0,22933,30375,39145,0,0,4980
0,0,0,0,0,0,19572,29623,39097,0,0,4985
0,0,0,0,0,0,19268,30695,39513,1,0,4990
0,0,0,0,0,0,19284,29639,39081,0,1,4995
0,0,0,0,0,0,19108,29431,38953,1,0,5000
0,0,0,0,0,0,19060,29303,38953,0,0,5005
0,0,0,0,0,0,19124,30567,40057,1,1,5010
0,0,0,0,0,0,19300,29607,39033,0,0,5015
0,0,0,0,0,0,19124,29607,39145,0,0,5020
0,0,0,0,0,0,19044,29399,38969,1,0,5025
0,0,0,0,0,0,19140,30327,39369,0,1,5030
0,0,0,0,0,0,19124,29543,39081,1,0,5035
0,0,0,0,0,0,19108,29399,39129,0,0,5040
0,0,0,0,0,0,19028,30007,39641,1,0,5045
0,0,0,0,0,0,19188,30055,39273,0,1,5050
0,0,0,0,0,0,19140,29591,39001,1,0,5055
0,0,0,0,0,0,19044,29351,39001,0,0,5060
0,0,0,0,0,0,14963,29111,39289,1,1,5073
0,0,0,0,0,0,23077,30647,39369,0,0,5075
0,0,0,0,0,0,19588,29655,39081,1,0,5080
0,0,0,0,0,0,19284,29383,38905,0,0,5085
0,0,0,0,0,0,19140,29639,38985,1,1,5090
0,0,0,0,0,0,19108,29463,38985,0,0,5095
0,0,0,0,0,0,19060,29399,38905,1,0,5100
0,0,0,0,0,0,19124,30231,38905,0,0,5105
0,0,0,0,0,0,19124,29655,39113,0,1,5110
0,0,0,0,0,0,19044,29463,38953,1,0,5115
0,0,0,0,0,0,19092,29479,39097,0,0,5120
0,0,0,0,0,0,19076,30519,39625,1,1,5125
0,0,0,0,0,0,19204,29527,39129,0,0,5130
0,0,0,0,0,0,19076,29319,38889,1,0,5135
0,0,0,0,0,0,19028,29415,38985,0,0,5140
0,0,0,0,0,0,19076,29895,39145,1,1,5145
0,0,0,0,0,0,19076,29431,39001,0,0,5150
0,0,0,0,0,0,19060,29591,39033,1,0,5155
0,0,0,0,0,0,19044,29943,39593,0,0,5160
0,0,0,0,0,0,14995,28935,39097,1,1,5173
0,0,0,0,0,0,22997,30263,39305,0,0,5175
0,0,0,0,0,0,19556,29687,38953,1,0,5180
0,0,0,0,0,0,19236,29719,39033,0,1,5185
0,0,0,0,0,0,19124,29479,39017,1,0,5190
0,0,0,0,0,0,19092,29271,38937,0,0,5195
0,0,0,0,0,0,19044,28919,38473,1,0,5200
0,0,0,0,0,0,18948,29655,39065,0,1,5205
0,0,0,0,0,0,19092,29511,39065,0,0,5210
0,0,0,0,0,0,19012,29303,38969,1,0,5215
0,0,0,0,0,0,19140,30199,39401,0,0,5220
0,0,0,0,0,0,19124,29671,39049,1,1,5225
0,0,0,0,0,0,19108,29495,39129,0,0,5230
0,0,0,0,0,0,19044,29319,38937,1,0,5235
0,0,0,0,0,0,19124,31175,40041,0,1,5240
0,0,0,0,0,0,19268,29527,39033,1,0,5245
0,0,0,0,0,0,19076,29415,38937,0,0,5250
0,0,0,0,0,0,19044,29927,39577,1,0,5255
0,0,0,0,0,0,14963,28919,39033,1,1,5268
0,0,0,0,0,0,22917,30455,39161,0,0,5270
0,0,0,0,0,0,19572,29847,39145,0,0,5275
0,0,0,0,0,0,19236,29703,39081,1,1,5280
0,0,0,0,0,0,19124,29383,38985,0,0,5285
0,0,0,0,0,0,19060,29447,38905,1,0,5290
0,0,0,0,0,0,19060,29239,38777,0,0,5295
0,0,0,0,0,0,19028,29463,39081,1,1,5300
0,0,0,0,0,0,19060,29255,38905,0,0,5305
0,0,0,0,0,0,19092,29559,39081,0,0,5310
0,0,0,0,0,0,19028,30039,39977,1,0,5315
0,0,0,0,0,0,19380,29719,39241,0,1,5320
0,0,0,0,0,0,19140,29351,38985,1,0,5325
0,0,0,0,0,0,19092,29415,39033,0,0,5330
0,0,0,0,0,0,19076,30839,39881,1,1,5335
0,0,0,0,0,0,19236,29543,39065,0,0,5340
0,0,0,0,0,0,19028,29223,38873,1,0,5345
0,0,0,0,0,0,19028,29415,39049,0,0,5350
0,0,0,0,0,0,14947,29159,39161,1,1,5363
0,0,0,0,0,0,22981,30215,39209,0,0,5365
0,0,0,0,0,0,19492,29639,38921,1,0,5370
0,0,0,0,0,0,19268,29799,39113,0,1,5375
0,0,0,0,0,0,19124,29383,38937,1,0,5380
0,0,0,0,0,0,19108,29479,39065,0,0,5385
0,0,0,0,0,0,18996,28807,38233,1,0,5390
0,0,0,0,0,0,18740,29463,39001,0,1,5395
0,0,0,0,0,0,18980,29319,38905,1,0,5400
0,0,0,0,0,0,19012,29335,39017,0,0,5405
0,0,0,0,0,0,19092,31063,40185,1,1,5410
0,0,0,0,0,0,19268,29463,39081,0,0,5415
0,0,0,0,0,0,19108,29431,39017,0,0,5420
0,0,0,0,0,0,19012,29271,38937,1,0,5425
0,0,0,0,0,0,19140,30279,39401,0,1,5430
0,0,0,0,0,0,19108,29511,38969,1,0,5435
0,0,0,0,0,0,19076,29303,39017,0,0,5440
0,0,0,0,0,0,19012,29591,38969,1,0,5445
0,0,0,0,0,0,19044,29543,39017,0,1,5450
0,0,0,0,0,0,14931,29415,39385,1,0,5463
0,0,0,0,0,0,22981,30023,38633,1,0,5465
0,0,0,0,0,0,19428,29831,39049,0,1,5470
0,0,0,0,0,0,19236,29607,39033,1,0,5475
0,0,0,0,0,0,19092,29303,38905,0,0,5480
0,0,0,0,0,0,19156,30647,39977,0,1,5485
0,0,0,0,0,0,19268,29607,39017,1,0,5490
0,0,0,0,0,0,19140,29447,39049,0,0,5495
0,0,0,0,0,0,19028,29527,39017,1,0,5500
0,0,0,0,0,0,19140,29911,39225,0,1,5505
0,0,0,0,0,0,19092,29383,38873,1,0,5510
0,0,0,0,0,0,19060,29399,39017,0,0,5515
0,0,0,0,0,0,18980,29207,38809,1,0,5520
0,0,0,0,0,0,19012,29655,39097,0,1,5525
0,0,0,0,0,0,19012,29383,38905,1,0,5530
0,0,0,0,0,0,19028,29367,38985,0,0,5535
0,0,0,0,0,0,18932,28310,37273,1,0,5540
0,0,0,0,0,0,18772,29479,39017,0,1,5545
0,0,0,0,0,0,14963,29639,39113,1,0,5558
0,0,0,0,0,0,22949,31079,39481,0,1,5560
0,0,0,0,0,0,19556,29623,39065,1,0,5565
0,0,0,0,0,0,19252,29399,38953,1,0,5570
0,0,0,0,0,0,19124,30119,39465,0,0,5575
0,0,0,0,0,0,19268,29799,39097,0,1,5580
0,0,0,0,0,0,19060,29399,38905,1,0,5585
0,0,0,0,0,0,19108,29383,39017,0,0,5590
0,0,0,0,0,0,19060,30967,39241,1,0,5595
0,0,0,0,0,0,19124,29559,39017,0,1,5600
0,0,0,0,0,0,19028,29431,38937,1,0,5605
0,0,0,0,0,0,19012,29287,38953,0,0,5610
0,0,0,0,0,0,19092,30951,40185,1,1,5615
0,0,0,0,0,0,19252,29527,39049,0,0,5620
0,0,0,0,0,0,19060,29495,38985,1,0,5625
0,0,0,0,0,0,19092,30167,39737,0,0,5630
0,0,0,0,0,0,19236,29687,39161,0,1,5635
0,0,0,0,0,0,19012,29479,39017,1,0,5640
0,0,0,0,0,0,14931,29431,39289,1,1,5653
0,0,0,0,0,0,23109,30695,39401,0,0,5655
0,0,0,0,0,0,19588,29431,38969,1,0,5660
0,0,0,0,0,0,19252,29511,39049,0,0,5665
0,0,0,0,0,0,19156,30423,39897,1,1,5670
0,0,0,0,0,0,19364,29559,39209,0,0,5675
0,0,0,0,0,0,19060,29319,38937,1,0,5680
0,0,0,0,0,0,19012,29479,39145,0,0,5685
0,0,0,0,0,0,19060,29975,39161,1,1,5690
0,0,0,0,0,0,19060,29351,39017,0,0,5695
0,0,0,0,0,0,19028,29415,38937,1,0,5700
0,0,0,0,0,0,18996,29079,38665,0,0,5705
0,0,0,0,0,0,19012,29543,39017,1,1,5710
0,0,0,0,0,0,19028,29399,38937,0,0,5715
0,0,0,0,0,0,19060,29367,39001,0,0,5720
0,0,0,0,0,0,19108,32936,39929,1,1,5725
0,0,0,0,0,0,19252,29719,39017,1,0,5730
0,0,0,0,0,0,19012,29287,38937,0,0,5735
0,0,0,0,0,0,14883,29047,39113,1,1,5748
0,0,0,0,0,0,22981,30375,39241,0,0,5750
0,0,0,0,0,0,19540,29639,38953,1,0,5755
0,0,0,0,0,0,19268,29383,38809,0,0,5760
0,0,0,0,0,0,19092,29607,39001,1,1,5765
0,0,0,0,0,0,19076,29351,38889,0,0,5770
0,0,0,0,0,0,19044,29367,38857,1,0,5775
0,0,0,0,0,0,19044,29847,39033,0,0,5780
0,0,0,0,0,0,19044,29463,39033,1,1,5785
0,0,0,0,0,0,19044,29399,38969,0,0,5790
0,0,0,0,0,0,19028,29383,38953,1,0,5795
0,0,0,0,0,0,19076,30471,39321,0,1,5800
0,0,0,0,0,0,19172,29703,39129,0,0,5805
0,0,0,0,0,0,19012,29015,38793,1,0,5810
0,0,0,0,0,0,19028,29271,38857,0,0,5815
0,0,0,0,0,0,18996,29575,39033,1,1,5820
0,0,0,0,0,0,19076,29495,39081,0,0,5825
0,0,0,0,0,0,18996,29383,38953,1,0,5830
0,0,0,0,0,0,19140,30823,39961,0,1,5835
0,0,0,0,0,0,14963,28935,38985,2,0,5848
0,0,0,0,0,0,22949,31047,39801,0,0,5850
0,0,0,0,0,0,19732,29863,39209,0,1,5855
0,0,0,0,0,0,19252,29511,38969,1,0,5860
0,0,0,0,0,0,19172,29431,38969,0,0,5865
0,0,0,0,0,0,19028,29463,38745,1,0,5870
0,0,0,0,0,0,19060,29623,39001,0,1,5875
0,0,0,0,0,0,19044,29351,38841,1,0,5880
0,0,0,0,0,0,18996,29383,38889,0,0,5885
0,0,0,0,0,0,19108,30983,40041,1,1,5890
0,0,0,0,0,0,19268,29607,39081,0,0,5895
0,0,0,0,0,0,19060,29351,38889,1,0,5900
0,0,0,0,0,0,19044,29991,39529,0,0,5905
0,0,0,0,0,0,19204,29703,39097,0,1,5910
0,0,0,0,0,0,19028,29415,38953,1,0,5915
0,0,0,0,0,0,19076,29447,39065,0,0,5920
0,0,0,0,0,0,19044,29815,38777,1,0,5925
0,0,0,0,0,0,19044,29671,39097,0,1,5930
0,0,0,0,0,0,14931,30343,39625,2,0,5943
0,0,0,0,0,0,23045,31495,39737,0,1,5945
0,0,0,0,0,0,19684,29703,39065,0,0,5950
0,0,0,0,0,0,19204,29351,38905,1,0,5955
0,0,0,0,0,0,19172,29287,38745,0,0,5960
0,0,0,0,0,0,19060,29767,39065,1,1,5965
0,0,0,0,0,0,19108,29543,39081,0,0,5970
0,0,0,0,0,0,19012,29415,38857,1,0,5975
0,0,0,0,0,0,19124,31495,39001,0,1,5980
0,0,0,0,0,0,19012,29447,39001,1,0,5985
0,0,0,0,0,0,19028,29255,38889,0,0,5990
0,0,0,0,0,0,18996,29559,39129,1,0,5995
0,0,0,0,0,0,19076,29847,39129,0,1,6000
0,0,0,0,0,0,19028,29447,38969,1,0,6005
0,0,0,0,0,0,19012,29047,38873,0,0,6010
0,0,0,0,0,0,18964,29175,38649,1,0,6015
0,0,0,0,0,0,18980,29639,39033,0,1,6020
0,0,0,0,0,0,19012,29383,38905,1,0,6025
0,0,0,0,0,0,14915,29031,39017,1,1,6038
0,0,0,0,0,0,22917,30311,39097,0,0,6040
0,0,0,0,0,0,19492,29431,38889,1,0,6045
0,0,0,0,0,0,19220,29719,38953,0,0,6050
0,0,0,0,0,0,19172,29527,39001,0,1,6055
0,0,0,0,0,0,19044,29319,38889,1,0,6060
0,0,0,0,0,0,19092,29543,39017,0,0,6065
0,0,0,0,0,0,19076,29783,38825,1,0,6070
0,0,0,0,0,0,19124,29511,39065,0,1,6075
0,0,0,0,0,0,19028,29351,38873,1,0,6080
0,0,0,0,0,0,19092,29479,39161,0,0,6085
0,0,0,0,0,0,19076,29975,39129,1,1,6090
0,0,0,0,0,0,19092,29447,39033,0,0,6095
0,0,0,0,0,0,18980,28999,38825,1,0,6100
0,0,0,0,0,0,18996,31415,39481,0,0,6105
0,0,0,0,0,0,19188,29543,39017,1,1,6110
0,0,0,0,0,0,19092,29431,39065,0,0,6115
0,0,0,0,0,0,19012,29255,38841,1,0,6120
0,0,0,0,0,0,19140,30615,39513,0,1,6125
0,0,0,0,0,0,14899,28871,38985,2,0,6138
0,0,0,0,0,0,22885,29991,38825,0,0,6140
0,0,0,0,0,0,19508,29911,39129,0,1,6145
0,0,0,0,0,0,19220,29543,38969,1,0,6150
0,0,0,0,0,0,19092,29511,38921,0,0,6155
0,0,0,0,0,0,19108,31015,40185,1,1,6160
0,0,0,0,0,0,19284,29463,38969,0,0,6165
0,0,0,0,0,0,19044,29287,38857,1,0,6170
0,0,0,0,0,0,19028,29751,39161,0,0,6175
0,0,0,0,0,0,19060,29671,39065,1,1,6180
0,0,0,0,0,0,19028,29335,38889,0,0,6185
0,0,0,0,0,0,18996,29367,38857,1,0,6190
0,0,0,0,0,0,19028,29991,38521,0,0,6195
0,0,0,0,0,0,19012,29495,38985,1,1,6200
0,0,0,0,0,0,19012,29351,38937,0,0,6205
0,0,0,0,0,0,19012,29495,39145,1,0,6210
0,0,0,0,0,0,19028,29831,39017,0,1,6215
0,0,0,0,0,0,19028,29543,38985,1,0,6220
0,0,0,0,0,0,14899,29159,39065,1,1,6233
0,0,0,0,0,0,22901,30439,39097,0,0,6235
0,0,0,0,0,0,19524,29895,39001,0,0,6240
0,0,0,0,0,0,19156,29463,38937,1,0,6245
0,0,0,0,0,0,19220,30279,39321,0,1,6250
0,0,0,0,0,0,19188,29383,38857,1,0,6255
0,0,0,0,0,0,19060,29367,38937,0,0,6260
0,0,0,0,0,0,18996,29223,38697,1,0,6265
0,0,0,0,0,0,19092,29607,39081,0,1,6270
0,0,0,0,0,0,19028,29175,38889,1,0,6275
0,0,0,0,0,0,19044,29383,38953,0,0,6280
0,0,0,0,0,0,19044,30743,39881,1,1,6285
0,0,0,0,0,0,19252,29543,39065,0,0,6290
0,0,0,0,0,0,18996,29223,38825,1,0,6295
0,0,0,0,0,0,19044,29255,38649,0,0,6300
0,0,0,0,0,0,18932,29783,38985,1,1,6305
0,0,0,0,0,0,19060,29495,39049,0,0,6310
0,0,0,0,0,0,18980,29175,38841,1,0,6315
0,0,0,0,0,0,15811,29159,38921,4,2,6353
0,0,0,0,0,0,23397,30935,39001,0,0,6355
0,0,0,0,0,0,20004,29943,39145,0,1,6360
0,0,0,0,0,0,19508,29543,38873,1,0,6365
0,0,0,0,0,0,19396,29975,39353,0,0,6370
0,0,0,0,0,0,19364,29751,38889,1,1,6375
0,0,0,0,0,0,19236,29591,39017,0,0,6380
0,0,0,0,0,0,19156,29223,38713,1,0,6385
0,0,0,0,0,0,19140,30279,39097,0,0,6390
0,0,0,0,0,0,19092,29495,38905,1,1,6395
0,0,0,0,0,0,19108,29351,38841,0,0,6400
0,0,0,0,0,0,19044,29335,38841,1,0,6405
0,0,0,0,0,0,19076,29703,38985,0,1,6410
0,0,0,0,0,0,19044,29367,38825,1,0,6415
0,0,0,0,0,0,19012,29495,38873,0,0,6420
0,0,0,0,0,0,19060,31095,39417,1,0,6425
0,0,0,0,0,0,19060,29431,38889,0,1,6430
0,0,0,0,0,0,18996,29431,38873,1,0,6435
0,0,0,0,0,0,16692,29639,39097,5,3,6487
0,0,0,0,0,0,22517,30567,39225,0,0,6490
0,0,0,0,0,0,20148,31815,38329,0,0,6495
0,0,0,0,0,0,19508,29815,38985,0,1,6500
0,0,0,0,0,0,19380,29559,38793,1,0,6505
0,0,0,0,0,0,19300,29527,38873,0,0,6510
0,0,0,0,0,0,19268,29895,38889,1,1,6515
0,0,0,0,0,0,19204,29447,38841,0,0,6520
0,0,0,0,0,0,19140,29351,38745,1,0,6525
0,0,0,0,0,0,19092,28919,38233,0,0,6530
0,0,0,0,0,0,18996,29463,38857,1,1,6535
0,0,0,0,0,0,19076,29271,38745,0,0,6540
0,0,0,0,0,0,19044,29591,38745,1,0,6545
0,0,0,0,0,0,19092,30023,39097,0,1,6550
0,0,0,0,0,0,19076,29351,38793,1,0,6555
0,0,0,0,0,0,19044,29143,38761,0,0,6560
0,0,0,0,0,0,19012,28566,37993,1,0,6565
0,0,0,0,0,0,18628,29399,38777,0,1,6570
0,0,0,0,0,0,18932,29383,38745,1,0,6575
0,0,0,0,0,0,15683,29319,39033,3,2,6610
0,0,0,0,0,0,19524,29751,39017,1,0,6615
0,0,0,0,0,0,19476,30263,39001,0,1,6620
0,0,0,0,0,0,19300,29575,38873,1,0,6625
0,0,0,0,0,0,19236,29335,38761,0,0,6630
0,0,0,0,0,0,19172,29863,38665,1,0,6635
0,0,0,0,0,0,19092,29479,38793,0,1,6640
0,0,0,0,0,0,19044,29335,38745,1,0,6645
0,0,0,0,0,0,19092,30263,39673,0,0,6650
0,0,0,0,0,0,19236,29815,38889,1,1,6655
0,0,0,0,0,0,19108,29383,38745,0,0,6660
0,0,0,0,0,0,18996,29303,38697,1,0,6665
0,0,0,0,0,0,19044,29591,38713,0,0,6670
0,0,0,0,0,0,18996,29351,38729,1,1,6675
0,0,0,0,0,0,18980,29191,38729,0,0,6680
0,0,0,0,0,0,18980,30167,39273,1,0,6685
0,0,0,0,0,0,19140,29831,38953,0,1,6690
0,0,0,0,0,0,19012,29175,38713,1,0,6695
0,0,0,0,0,0,14899,29095,38873,1,1,6708
0,0,0,0,0,0,22869,30471,39017,0,0,6710
0,0,0,0,0,0,19460,29415,38729,1,0,6715
0,0,0,0,0,0,19172,29623,38937,0,0,6720
0,0,0,0,0,0,19092,29415,38681,1,1,6725
0,0,0,0,0,0,19028,29303,38681,0,0,6730
0,0,0,0,0,0,18980,29159,38601,1,0,6735
0,0,0,0,0,0,19060,30663,39673,0,1,6740
0,0,0,0,0,0,19140,29399,38697,1,0,6745
0,0,0,0,0,0,19028,29351,38761,0,0,6750
0,0,0,0,0,0,18996,29175,38553,1,0,6755
0,0,0,0,0,0,18996,29735,38953,0,1,6760
0,0,0,0,0,0,18980,29271,38697,1,0,6765
0,0,0,0,0,0,19028,29431,38809,0,0,6770
0,0,0,0,0,0,18964,29735,38777,1,1,6775
0,0,0,0,0,0,19028,29271,38809,0,0,6780
0,0,0,0,0,0,18932,29079,38569,1,0,6785
0,0,0,0,0,0,18884,31559,39321,0,0,6790
0,0,0,0,0,0,15027,28759,38777,2,1,6803
0,0,0,0,0,0,22869,30679,39289,0,0,6805
0,0,0,0,0,0,19684,30215,39097,0,1,6810
0,0,0,0,0,0,19188,29319,38665,1,0,6815
0,0,0,0,0,0,19108,29319,38825,0,0,6820
0,0,0,0,0,0,19060,30583,39545,1,1,6825
0,0,0,0,0,0,19204,29511,38825,0,0,6830
0,0,0,0,0,0,18980,29047,38521,1,0,6835
0,0,0,0,0,0,18900,29431,38697,1,0,6840
0,0,0,0,0,0,18980,29559,38873,0,1,6845
0,0,0,0,0,0,18980,29271,38713,1,0,6850
0,0,0,0,0,0,18948,29159,38633,0,0,6855
0,0,0,0,0,0,19012,31479,38521,1,1,6860
0,0,0,0,0,0,18916,29367,38745,0,0,6865
0,0,0,0,0,0,18948,29095,38617,1,0,6870
0,0,0,0,0,0,18916,28566,37945,0,0,6875
0,0,0,0,0,0,18852,29431,38713,1,1,6880
0,0,0,0,0,0,18964,29271,38681,0,0,6885
0,0,0,0,0,0,18932,29207,38697,1,0,6890
0,0,0,0,0,0,14867,28662,38697,1,1,6903
0,0,0,0,0,0,22757,30247,38841,0,0,6905
0,0,0,0,0,0,19444,29815,38521,1,0,6910
0,0,0,0,0,0,19060,29383,38697,0,1,6915
0,0,0,0,0,0,19012,29271,38649,1,0,6920
0,0,0,0,0,0,19012,29815,39081,0,0,6925
0,0,0,0,0,0,19028,29399,38649,1,1,6930
0,0,0,0,0,0,19028,29271,38729,0,0,6935
0,0,0,0,0,0,18948,29031,38553,1,0,6940
0,0,0,0,0,0,18996,30583,39625,0,1,6945
0,0,0,0,0,0,19092,29287,38713,1,0,6950
0,0,0,0,0,0,19044,29207,38697,0,0,6955
0,0,0,0,0,0,18932,29063,38457,1,0,6960
0,0,0,0,0,0,18996,30151,39113,0,1,6965
0,0,0,0,0,0,18964,29191,38537,1,0,6970
0,0,0,0,0,0,18932,29207,38649,0,0,6975
0,0,0,0,0,0,18948,29783,38825,1,1,6980
0,0,0,0,0,0,19028,29335,38809,0,0,6985
0,0,0,0,0,0,14835,29031,38761,2,1,6998
0,0,0,0,0,0,22773,30375,38889,0,0,7000
0,0,0,0,0,0,19476,29495,38761,0,0,7005
0,0,0,0,0,0,19124,29623,39129,1,0,7010
0,0,0,0,0,0,19188,29751,38921,0,1,7015
0,0,0,0,0,0,18980,29175,38569,1,0,7020
0,0,0,0,0,0,18932,28791,38633,0,0,7025
0,0,0,0,0,0,18996,31799,38777,1,1,7030
0,0,0,0,0,0,18996,29303,38777,0,0,7035
0,0,0,0,0,0,18964,29079,38681,0,0,7040
0,0,0,0,0,0,18948,29527,38729,0,0,7045
0,0,0,0,0,0,18980,29479,38857,0,1,7050
0,0,0,0,0,0,18964,29143,38697,1,0,7055
0,0,0,0,0,0,18916,29095,38601,0,0,7060
0,0,0,0,0,0,18948,29703,38857,1,1,7065
0,0,0,0,0,0,18964,29239,38665,0,0,7070
0,0,0,0,0,0,18916,29207,38649,1,0,7075
0,0,0,0,0,0,18980,31303,38873,0,0,7080
0,0,0,0,0,0,14883,28823,38809,1,1,7093
0,0,0,0,0,0,22709,30455,39081,1,0,7095
0,0,0,0,0,0,19476,29847,38841,0,1,7100
0,0,0,0,0,0,19188,29399,38665,1,0,7105
0,0,0,0,0,0,19028,29175,38601,0,0,7110
0,0,0,0,0,0,19092,30071,39081,0,0,7115
0,0,0,0,0,0,19028,29351,38665,1,1,7120
0,0,0,0,0,0,19012,28935,38665,0,0,7125
0,0,0,0,0,0,18948,29271,38633,1,0,7130
0,0,0,0,0,0,18980,29319,38665,1,1,7135
0,0,0,0,0,0,18948,29047,38601,0,0,7140
0,0,0,0,0,0,18932,29207,38617,1,0,7145
0,0,0,0,0,0,19028,30567,39497,0,1,7150
0,0,0,0,0,0,19108,29303,38681,1,0,7155
0,0,0,0,0,0,18980,29239,38649,0,0,7160
0,0,0,0,0,0,18932,29111,38409,1,0,7165
0,0,0,0,0,0,18884,29367,38713,1,1,7170
0,0,0,0,0,0,18948,29047,38601,1,0,7175
0,0,0,0,0,0,14851,28791,38729,1,1,7188
0,0,0,0,0,0,22821,30279,38873,0,0,7190
0,0,0,0,0,0,19428,29335,38617,1,0,7195
0,0,0,0,0,0,19236,30455,39369,0,0,7200
0,0,0,0,0,0,19172,29303,38649,1,1,7205
0,0,0,0,0,0,19060,29303,38681,0,0,7210
0,0,0,0,0,0,18964,29095,38313,1,0,7215
0,0,0,0,0,0,18964,29639,38873,0,1,7220
0,0,0,0,0,0,18964,29191,38649,1,0,7225
0,0,0,0,0,0,18996,29255,38713,0,0,7230
0,0,0,0,0,0,19028,30583,39289,1,1,7235
0,0,0,0,0,0,19092,29255,38649,1,0,7240
0,0,0,0,0,0,18948,29079,38633,0,0,7245
0,0,0,0,0,0,19060,30151,38745,0,0,7250
0,0,0,0,0,0,18948,29399,38697,1,1,7255
0,0,0,0,0,0,18932,29351,38649,1,0,7260
0,0,0,0,0,0,18932,29591,38937,0,0,7265
0,0,0,0,0,0,19012,29511,38729,1,1,7270
0,0,0,0,0,0,18964,29143,38633,0,0,7275
0,0,0,0,0,0,14899,28983,38873,1,1,7288
0,0,0,0,0,0,22853,30295,38873,1,0,7290
0,0,0,0,0,0,19412,29239,38697,0,0,7295
0,0,0,0,0,0,19220,34168,38649,1,0,7300
0,0,0,0,0,0,19012,29479,38729,0,1,7305
0,0,0,0,0,0,18996,29303,38649,1,0,7310
0,0,0,0,0,0,19028,29639,39065,0,0,7315
0,0,0,0,0,0,19028,29623,38889,1,1,7320
0,0,0,0,0,0,19044,29447,38825,0,0,7325
0,0,0,0,0,0,18932,29175,38601,1,0,7330
0,0,0,0,0,0,19028,31511,39033,0,1,7335
0,0,0,0,0,0,18900,29175,38649,1,0,7340
0,0,0,0,0,0,18980,29159,38681,0,0,7345
0,0,0,0,0,0,18884,28855,38377,1,0,7350
0,0,0,0,0,0,18932,29527,38825,0,1,7355
0,0,0,0,0,0,18948,29159,38697,1,0,7360
0,0,0,0,0,0,18996,29271,38761,0,0,7365
0,0,0,0,0,0,18996,29911,38777,1,1,7370
0,0,0,0,0,0,14819,28486,38441,1,0,7383
0,0,0,0,0,0,22741,31287,39337,0,0,7385
0,0,0,0,0,0,19572,29463,38729,0,1,7390
0,0,0,0,0,0,19156,29447,38649,1,0,7395
0,0,0,0,0,0,19060,29559,38873,0,0,7400
0,0,0,0,0,0,19044,29511,38761,1,1,7405
0,0,0,0,0,0,19060,29255,38729,0,0,7410
0,0,0,0,0,0,18964,29127,38537,1,0,7415
0,0,0,0,0,0,19012,30439,39225,0,1,7420
0,0,0,0,0,0,19060,29319,38697,1,0,7425
0,0,0,0,0,0,19060,29271,38777,0,0,7430
0,0,0,0,0,0,18932,28358,38105,1,0,7435
0,0,0,0,0,0,18788,29479,38825,0,1,7440
0,0,0,0,0,0,18916,29255,38681,1,0,7445
0,0,0,0,0,0,19012,29719,39145,0,0,7450
0,0,0,0,0,0,18996,29223,38601,1,1,7455
0,0,0,0,0,0,18996,29351,38841,0,0,7460
0,0,0,0,0,0,18916,29159,38633,1,0,7465
0,0,0,0,0,0,14867,28743,38777,1,1,7478
0,0,0,0,0,0,22789,30151,38889,0,0,7480
0,0,0,0,0,0,19364,28374,37865,1,0,7485
0,0,0,0,0,0,18964,29335,38665,1,1,7490
0,0,0,0,0,0,19028,29143,38633,0,0,7495
0,0,0,0,0,0,19012,29735,39177,1,0,7500
0,0,0,0,0,0,19156,29671,38761,0,1,7505
0,0,0,0,0,0,18980,29191,38521,1,0,7510
0,0,0,0,0,0,18980,29223,38681,0,0,7515
0,0,0,0,0,0,19076,31079,39689,0,1,7520
0,0,0,0,0,0,19156,29303,38697,0,0,7525
0,0,0,0,0,0,18948,28951,38505,1,0,7530
0,0,0,0,0,0,18932,29031,38505,0,0,7535
0,0,0,0,0,0,18868,29351,38697,1,1,7540
0,0,0,0,0,0,19012,29223,38729,0,0,7545
0,0,0,0,0,0,18932,29351,38745,1,0,7550
0,0,0,0,0,0,19060,29863,38905,0,1,7555
0,0,0,0,0,0,18980,29255,38697,1,0,7560
0,0,0,0,0,0,19028,29287,38761,0,0,7565
0,0,0,0,0,0,14835,28598,38697,2,1,7578
0,0,0,0,0,0,22773,30199,38857,0,0,7580
0,0,0,0,0,0,19396,29207,38489,1,0,7585
0,0,0,0,0,0,19092,29479,38729,0,1,7590
0,0,0,0,0,0,19044,29271,38633,1,0,7595
0,0,0,0,0,0,18980,29335,38729,0,0,7600
0,0,0,0,0,0,19012,29687,38825,1,1,7605
0,0,0,0,0,0,19044,29303,38793,0,0,7610
0,0,0,0,0,0,18932,29127,38601,1,0,7615
0,0,0,0,0,0,19028,30983,39913,0,1,7620
0,0,0,0,0,0,19172,29351,38761,1,0,7625
0,0,0,0,0,0,19028,29207,38777,0,0,7630
0,0,0,0,0,0,18916,28743,38345,1,0,7635
0,0,0,0,0,0,18868,29095,38713,1,1,7640
0,0,0,0,0,0,18948,29207,38601,0,0,7645
0,0,0,0,0,0,18932,29607,38905,1,0,7650
0,0,0,0,0,0,19044,29687,38889,0,1,7655
0,0,0,0,0,0,18980,29223,38601,1,0,7660
0,0,0,0,0,0,14867,28855,38841,1,1,7673
0,0,0,0,0,0,22917,30407,39033,0,0,7675
0,0,0,0,0,0,19428,29335,38633,1,0,7680
0,0,0,0,0,0,19252,30615,39241,0,0,7685
0,0,0,0,0,0,19188,29415,38681,1,1,7690
0,0,0,0,0,0,19092,29335,38777,0,0,7695
0,0,0,0,0,0,18996,29479,38905,1,0,7700
0,0,0,0,0,0,19108,29575,38857,0,1,7705
0,0,0,0,0,0,18996,29367,38697,1,0,7710
0,0,0,0,0,0,18980,29239,38633,1,0,7715
0,0,0,0,0,0,19012,30199,39113,0,1,7720
0,0,0,0,0,0,19028,29303,38713,1,0,7725
0,0,0,0,0,0,18948,29175,38633,0,0,7730
0,0,0,0,0,0,18916,30247,39273,1,0,7735
0,0,0,0,0,0,19092,29255,38729,0,1,7740
0,0,0,0,0,0,18996,29175,38665,1,0,7745
0,0,0,0,0,0,18964,29143,38521,0,0,7750
0,0,0,0,0,0,18932,29383,38729,1,1,7755
0,0,0,0,0,0,14947,31607,38953,1,1,7768
0,0,0,0,0,0,22869,31335,39321,0,0,7770
0,0,0,0,0,0,19524,29479,38729,1,0,7775
0,0,0,0,0,0,19220,29447,38761,0,0,7780
0,0,0,0,0,0,19156,31671,39065,1,1,7785
0,0,0,0,0,0,19108,29287,38729,1,0,7790
0,0,0,0,0,0,18996,29159,38601,0,0,7795
0,0,0,0,0,0,18932,29015,38409,1,0,7800
0,0,0,0,0,0,18900,29495,38761,0,1,7805
0,0,0,0,0,0,18964,29335,38729,1,0,7810
0,0,0,0,0,0,18996,29847,39305,0,0,7815
0,0,0,0,0,0,19124,29415,38713,1,1,7820
0,0,0,0,0,0,19044,29191,38729,0,0,7825
0,0,0,0,0,0,18916,29191,38649,1,0,7830
0,0,0,0,0,0,19076,30583,39433,0,1,7835
0,0,0,0,0,0,19060,29031,38601,1,0,7840
0,0,0,0,0,0,18980,29191,38681,0,0,7845
0,0,0,0,0,0,18980,30535,39033,1,0,7850
0,0,0,0,0,0,14947,28775,38889,1,1,7863
0,0,0,0,0,0,22789,30295,38841,1,0,7865
0,0,0,0,0,0,19428,29687,38761,0,1,7870
0,0,0,0,0,0,19156,29351,38633,1,0,7875
0,0,0,0,0,0,19028,29191,38681,0,0,7880
0,0,0,0,0,0,19028,29735,38825,1,1,7885
0,0,0,0,0,0,19044,29175,38601,0,0,7890
0,0,0,0,0,0,18948,29095,38537,1,0,7895
0,0,0,0,0,0,19092,31335,39897,0,1,7900
0,0,0,0,0,0,19172,29255,38697,1,0,7905
0,0,0,0,0,0,19060,29031,38681,0,0,7910
0,0,0,0,0,0,19028,31111,39049,1,0,7915
0,0,0,0,0,0,19108,29655,38905,0,1,7920
0,0,0,0,0,0,18980,29191,38697,1,0,7925
0,0,0,0,0,0,19012,29847,39209,1,0,7930
0,0,0,0,0,0,19092,29431,38697,0,1,7935
0,0,0,0,0,0,18964,29303,38617,1,0,7940
0,0,0,0,0,0,18932,29223,38745,0,0,7945
0,0,0,0,0,0,19012,29847,39017,1,1,7950
0,0,0,0,0,0,14899,28550,38617,1,0,7963
0,0,0,0,0,0,22901,32151,38905,0,1,7965
0,0,0,0,0,0,19412,29463,38745,1,0,7970
0,0,0,0,0,0,19188,29367,38761,0,0,7975
0,0,0,0,0,0,19028,29047,38425,1,0,7980
0,0,0,0,0,0,18996,29511,38809,1,1,7985
0,0,0,0,0,0,18964,29223,38681,0,0,7990
0,0,0,0,0,0,18996,29863,39225,1,0,7995
0,0,0,0,0,0,19124,29527,38761,0,1,8000
0,0,0,0,0,0,18996,29191,38617,1,0,8005
0,0,0,0,0,0,18964,29239,38681,0,0,8010
0,0,0,0,0,0,19012,30135,39097,1,1,8015
0,0,0,0,0,0,19092,29383,38777,0,0,8020
0,0,0,0,0,0,18980,29079,38585,1,0,8025
0,0,0,0,0,0,19108,31127,39945,0,1,8030
0,0,0,0,0,0,19156,29351,38713,1,0,8035
0,0,0,0,0,0,19044,29207,38745,0,0,8040
0,0,0,0,0,0,18948,28807,38345,1,0,8045
0,0,0,0,0,0,14867,28534,38825,1,1,8058
0,0,0,0,0,0,22741,30759,39337,1,0,8060
0,0,0,0,0,0,19636,29815,38873,0,1,8065
0,0,0,0,0,0,19156,29303,38681,1,0,8070
0,0,0,0,0,0,19108,29463,38729,0,0,8075
0,0,0,0,0,0,19012,30023,38985,1,1,8080
0,0,0,0,0,0,19044,29271,38665,1,0,8085
0,0,0,0,0,0,18964,29159,38601,0,0,8090
0,0,0,0,0,0,19028,30247,39417,1,1,8095
0,0,0,0,0,0,19124,29367,38697,0,0,8100
0,0,0,0,0,0,18980,29191,38585,1,0,8105
0,0,0,0,0,0,18916,28550,37993,0,0,8110
0,0,0,0,0,0,18772,29415,38793,1,1,8115
0,0,0,0,0,0,18980,29223,38681,0,0,8120
0,0,0,0,0,0,18932,29559,38937,1,0,8125
0,0,0,0,0,0,19060,29559,38889,0,1,8130
0,0,0,0,0,0,18964,29159,38649,1,0,8135
0,0,0,0,0,0,18996,29303,38761,0,0,8140
0,0,0,0,0,0,14851,28374,38729,2,1,8153
0,0,0,0,0,0,22821,30071,38857,0,0,8155
0,0,0,0,0,0,19508,31191,39881,1,1,8160
0,0,0,0,0,0,19396,29511,38697,0,0,8165
0,0,0,0,0,0,19060,29255,38665,1,0,8170
0,0,0,0,0,0,19124,30199,39049,0,0,8175
0,0,0,0,0,0,19028,29287,38681,1,1,8180
0,0,0,0,0,0,19044,29079,38665,0,0,8185
0,0,0,0,0,0,18932,29207,38537,1,0,8190
0,0,0,0,0,0,18964,29463,38857,0,1,8195
0,0,0,0,0,0,18948,29095,38633,1,0,8200
0,0,0,0,0,0,18916,29383,38921,1,0,8205
0,0,0,0,0,0,19060,29847,38857,0,1,8210
0,0,0,0,0,0,19012,29239,38745,1,0,8215
0,0,0,0,0,0,19028,29303,38793,0,0,8220
0,0,0,0,0,0,19028,30807,39625,1,1,8225
0,0,0,0,0,0,19156,29399,38857,0,0,8230
0,0,0,0,0,0,18964,29351,38649,1,0,8235
0,0,0,0,0,0,19012,30007,38809,0,0,8240
0,0,0,0,0,0,14835,28775,38809,2,1,8253
0,0,0,0,0,0,22869,30039,38649,0,0,8255
0,0,0,0,0,0,19412,29479,38729,1,1,8260
0,0,0,0,0,0,19156,29287,38809,0,0,8265
0,0,0,0,0,0,19060,29527,38985,1,0,8270
0,0,0,0,0,0,19076,29623,38857,0,1,8275
0,0,0,0,0,0,19028,29239,38697,1,0,8280
0,0,0,0,0,0,19028,29175,38793,0,0,8285
0,0,0,0,0,0,18964,29303,38681,1,1,8290
0,0,0,0,0,0,19012,29255,38793,0,0,8295
0,0,0,0,0,0,18932,29271,38681,1,0,8300
0,0,0,0,0,0,19044,31207,39961,1,1,8305
0,0,0,0,0,0,19204,29415,38809,0,0,8310
0,0,0,0,0,0,18996,29143,38665,1,0,8315
0,0,0,0,0,0,19044,31399,39785,0,0,8320
0,0,0,0,0,0,19204,29543,38777,1,1,8325
0,0,0,0,0,0,19076,29303,38825,0,0,8330
0,0,0,0,0,0,18980,29047,38505,1,0,8335
0,0,0,0,0,0,14883,28807,38825,1,1,8348
0,0,0,0,0,0,22757,30679,39193,1,0,8350
0,0,0,0,0,0,19524,29639,38777,0,1,8355
0,0,0,0,0,0,19156,29255,38713,1,0,8360
0,0,0,0,0,0,19044,29159,38617,0,0,8365
0,0,0,0,0,0,19012,29847,38777,1,1,8370
0,0,0,0,0,0,19044,29431,38825,0,0,8375
0,0,0,0,0,0,18980,29175,38649,1,0,8380
0,0,0,0,0,0,19092,31495,38825,0,1,8385
0,0,0,0,0,0,18964,29239,38681,1,0,8390
0,0,0,0,0,0,19044,29399,38825,0,0,8395
0,0,0,0,0,0,19044,30951,39033,1,0,8400
0,0,0,0,0,0,19012,29399,38777,1,1,8405
0,0,0,0,0,0,18964,29143,38681,0,0,8410
0,0,0,0,0,0,18980,29799,38777,1,0,8415
0,0,0,0,0,0,18964,29559,38889,0,1,8420
0,0,0,0,0,0,18964,29271,38809,1,0,8425
0,0,0,0,0,0,19012,29367,38969,0,0,8430
0,0,0,0,0,0,14851,28454,38745,2,1,8443
0,0,0,0,0,0,22773,30231,38905,0,0,8445
0,0,0,0,0,0,19508,30343,39097,1,1,8450
0,0,0,0,0,0,19188,29351,38761,0,0,8455
0,0,0,0,0,0,19028,28999,38585,1,0,8460
0,0,0,0,0,0,19124,31287,40121,0,1,8465
0,0,0,0,0,0,19236,29543,38809,1,0,8470
0,0,0,0,0,0,19060,29271,38761,0,0,8475
0,0,0,0,0,0,18996,30183,38873,1,0,8480
0,0,0,0,0,0,19028,29447,38857,0,1,8485
0,0,0,0,0,0,19012,29287,38793,0,0,8490
0,0,0,0,0,0,18964,29191,38649,1,0,8495
0,0,0,0,0,0,18996,29479,38825,0,1,8500
0,0,0,0,0,0,18964,29319,38729,1,0,8505
0,0,0,0,0,0,18996,29799,39241,0,0,8510
0,0,0,0,0,0,19076,29431,38825,1,1,8515
0,0,0,0,0,0,19044,29399,38873,0,0,8520
0,0,0,0,0,0,18964,29047,38697,1,0,8525
0,0,0,0,0,0,14867,28839,38905,1,1,8538
0,0,0,0,0,0,22869,30135,38873,1,0,8540
0,0,0,0,0,0,19540,31319,39865,0,1,8545
0,0,0,0,0,0,19380,29303,38681,1,0,8550
0,0,0,0,0,0,19140,29351,38777,0,0,8555
0,0,0,0,0,0,19060,30135,38745,1,0,8560
0,0,0,0,0,0,19044,29335,38809,0,1,8565
0,0,0,0,0,0,18948,29191,38617,1,0,8570
0,0,0,0,0,0,18948,29207,38505,1,0,8575
0,0,0,0,0,0,18884,29415,38825,0,1,8580
0,0,0,0,0,0,18948,29015,38697,1,0,8585
0,0,0,0,0,0,18996,29735,39209,0,0,8590
0,0,0,0,0,0,19028,29575,38809,1,1,8595
0,0,0,0,0,0,19028,29367,38809,0,0,8600
0,0,0,0,0,0,18980,29175,38761,0,0,8605
0,0,0,0,0,0,18996,29879,39001,0,1,8610
0,0,0,0,0,0,19012,29319,38745,0,0,8615
0,0,0,0,0,0,18964,29111,38633,0,0,8620
0,0,0,0,0,0,19012,30407,39289,0,1,8625
0,0,0,0,0,0,14867,28582,38537,2,0,8638
0,0,0,0,0,0,22709,31367,39721,0,1,8640
0,0,0,0,0,0,19620,29639,38873,0,0,8645
0,0,0,0,0,0,19156,29223,38697,1,0,8650
0,0,0,0,0,0,19108,30567,38953,1,0,8655
0,0,0,0,0,0,19060,29367,38777,0,1,8660
0,0,0,0,0,0,18980,29223,38601,1,0,8665
0,0,0,0,0,0,18948,29143,38521,0,0,8670
0,0,0,0,0,0,18964,29399,38761,1,1,8675
0,0,0,0,0,0,19060,29255,38809,0,0,8680
0,0,0,0,0,0,18980,29591,38937,1,0,8685
0,0,0,0,0,0,19076,29655,38905,0,1,8690
0,0,0,0,0,0,18996,29015,38713,1,0,8695
0,0,0,0,0,0,18964,29175,38697,1,0,8700
0,0,0,0,0,0,19012,29767,38841,0,1,8705
0,0,0,0,0,0,18964,29223,38649,1,0,8710
0,0,0,0,0,0,19012,29271,38745,0,0,8715
0,0,0,0,0,0,19012,30375,39241,1,1,8720
0,0,0,0,0,0,14947,28743,38745,1,0,8733
0,0,0,0,0,0,22821,32071,38985,1,1,8735
0,0,0,0,0,0,19444,29479,38761,0,0,8740
0,0,0,0,0,0,19140,29223,38665,1,0,8745
0,0,0,0,0,0,19172,30615,39081,0,0,8750
0,0,0,0,0,0,19044,29223,38665,1,1,8755
0,0,0,0,0,0,19012,29303,38729,0,0,8760
0,0,0,0,0,0,18948,29191,38505,1,0,8765
0,0,0,0,0,0,18996,29511,38905,0,1,8770
0,0,0,0,0,0,18964,29191,38745,1,0,8775
0,0,0,0,0,0,18948,29655,39033,1,0,8780
0,0,0,0,0,0,19092,29767,38889,0,1,8785
0,0,0,0,0,0,19012,29255,38777,1,0,8790
0,0,0,0,0,0,19044,29271,38809,0,0,8795
0,0,0,0,0,0,18964,29559,38937,1,1,8800
0,0,0,0,0,0,19060,29319,38857,0,0,8805
0,0,0,0,0,0,18948,29175,38649,1,0,8810
0,0,0,0,0,0,19044,31255,39929,1,1,8815
0,0,0,0,0,0,14963,28855,38601,1,0,8828
0,0,0,0,0,0,22885,32439,39225,0,1,8830
0,0,0,0,0,0,19524,29495,38761,1,0,8835
0,0,0,0,0,0,19220,29479,38857,0,0,8840
0,0,0,0,0,0,19060,28919,38281,1,0,8845
0,0,0,0,0,0,18964,29479,38825,0,1,8850
0,0,0,0,0,0,18964,29111,38617,1,0,8855
0,0,0,0,0,0,18964,28999,38425,1,0,8860
0,0,0,0,0,0,18964,29623,38921,0,1,8865
0,0,0,0,0,0,18948,29159,38649,1,0,8870
0,0,0,0,0,0,19028,29735,39193,0,0,8875
0,0,0,0,0,0,19092,29767,38905,1,1,8880
0,0,0,0,0,0,19044,29399,38809,0,0,8885
0,0,0,0,0,0,18948,29239,38729,1,0,8890
0,0,0,0,0,0,18980,29975,39145,1,1,8895
0,0,0,0,0,0,19012,29223,38809,0,0,8900
0,0,0,0,0,0,18932,29143,38713,1,0,8905
0,0,0,0,0,0,19124,31271,40249,0,1,8910
0,0,0,0,0,0,19220,29399,38745,1,0,8915
0,0,0,0,0,0,14947,29015,38953,1,1,8928
0,0,0,0,0,0,22773,30439,39033,1,0,8930
0,0,0,0,0,0,19428,29415,38841,0,0,8935
0,0,0,0,0,0,19124,28951,38441,1,0,8940
0,0,0,0,0,0,19028,29527,38905,0,1,8945
0,0,0,0,0,0,19028,29207,38649,1,0,8950
0,0,0,0,0,0,19076,29895,39337,0,0,8955
0,0,0,0,0,0,19092,29703,38873,1,1,8960
0,0,0,0,0,0,19012,29255,38825,1,0,8965
0,0,0,0,0,0,18980,29095,38745,0,0,8970
0,0,0,0,0,0,18980,29911,39081,1,1,8975
0,0,0,0,0,0,19028,29319,38825,0,0,8980
0,0,0,0,0,0,18932,29223,38697,1,0,8985
0,0,0,0,0,0,19108,31159,40041,0,1,8990
0,0,0,0,0,0,19220,29335,38729,1,0,8995
0,0,0,0,0,0,19044,29079,38713,0,0,9000
0,0,0,0,0,0,19028,30407,39033,0,0,9005
0,0,0,0,0,0,19012,29447,38809,0,1,9010
0,0,0,0,0,0,14883,29319,39033,1,1,9023
0,0,0,0,0,0,22949,30487,39049,0,0,9025
0,0,0,0,0,0,19444,29527,38729,1,0,9030
0,0,0,0,0,0,19220,29735,39033,0,0,9035
0,0,0,0,0,0,19108,29623,38857,1,1,9040
0,0,0,0,0,0,19028,29175,38601,1,0,9045
0,0,0,0,0,0,18980,29095,38585,0,0,9050
0,0,0,0,0,0,18980,30103,39017,1,1,9055
0,0,0,0,0,0,19076,29623,38905,0,0,9060
0,0,0,0,0,0,18980,28791,38569,1,0,9065
0,0,0,0,0,0,19092,30967,39993,0,1,9070
0,0,0,0,0,0,19172,29351,38713,1,0,9075
0,0,0,0,0,0,18996,29287,38713,1,0,9080
0,0,0,0,0,0,18948,29319,37993,0,0,9085
0,0,0,0,0,0,18756,29271,38745,1,1,9090
0,0,0,0,0,0,18948,29127,38633,0,0,9095
0,0,0,0,0,0,18916,29047,38409,1,0,9100
0,0,0,0,0,0,18948,29623,38953,0,1,9105
0,0,0,0,0,0,14915,30535,39897,2,1,9118
0,0,0,0,0,0,23125,30455,38937,0,0,9120
0,0,0,0,0,0,19476,29607,38761,1,0,9125
0,0,0,0,0,0,19172,29255,38697,0,0,9130
0,0,0,0,0,0,19092,30199,39081,1,1,9135
0,0,0,0,0,0,19156,29431,38793,0,0,9140
0,0,0,0,0,0,19012,29223,38601,1,0,9145
0,0,0,0,0,0,19092,31127,40073,0,1,9150
0,0,0,0,0,0,19220,29399,38729,1,0,9155
0,0,0,0,0,0,18996,29143,38633,1,0,9160
0,0,0,0,0,0,19012,31127,39081,0,0,9165
0,0,0,0,0,0,18996,29319,38697,1,1,9170
0,0,0,0,0,0,19012,29223,38729,0,0,9175
0,0,0,0,0,0,18932,29495,38569,1,0,9180
0,0,0,0,0,0,18948,29655,38905,0,1,9185
0,0,0,0,0,0,18980,29223,38665,1,0,9190
0,0,0,0,0,0,18980,29271,38697,1,0,9195
0,0,0,0,0,0,18980,29719,38937,0,1,9200
0,0,0,0,0,0,14915,30135,38777,2,0,9213
0,0,0,0,0,0,22773,31671,38601,0,1,9215
0,0,0,0,0,0,19428,29495,38777,0,0,9220
0,0,0,0,0,0,19124,29239,38697,1,0,9225
0,0,0,0,0,0,19140,29943,38937,0,0,9230
0,0,0,0,0,0,19012,29271,38665,1,1,9235
0,0,0,0,0,0,18980,29271,38585,1,0,9240
0,0,0,0,0,0,18916,28871,38217,0,0,9245
0,0,0,0,0,0,18884,29351,38713,1,1,9250
0,0,0,0,0,0,19012,29271,38793,0,0,9255
0,0,0,0,0,0,18964,29383,38825,1,0,9260
0,0,0,0,0,0,19060,29543,38905,0,1,9265
0,0,0,0,0,0,18980,29063,38697,1,0,9270
0,0,0,0,0,0,18964,29159,38713,1,0,9275
0,0,0,0,0,0,18964,29335,38601,0,1,9280
0,0,0,0,0,0,18916,29303,38697,1,0,9285
0,0,0,0,0,0,18980,29319,38793,0,0,9290
0,0,0,0,0,0,19012,30967,39737,1,1,9295
0,0,0,0,0,0,19172,29367,38825,0,0,9300
0,0,0,0,0,0,14835,28855,38761,2,1,9313
0,0,0,0,0,0,22773,30311,38873,0,0,9315
0,0,0,0,0,0,19412,29255,38633,1,0,9320
0,0,0,0,0,0,19124,29047,38377,0,0,9325
0,0,0,0,0,0,18964,29287,38681,1,1,9330
0,0,0,0,0,0,19044,29191,38681,0,0,9335
0,0,0,0,0,0,18980,29575,38953,1,0,9340
0,0,0,0,0,0,19060,29591,38857,0,1,9345
0,0,0,0,0,0,18980,29127,38585,1,0,9350
0,0,0,0,0,0,18932,29159,38649,1,0,9355
0,0,0,0,0,0,18980,29783,38841,0,1,9360
0,0,0,0,0,0,18980,29271,38649,1,0,9365
0,0,0,0,0,0,18964,29207,38713,0,0,9370
0,0,0,0,0,0,19012,30583,39545,1,1,9375
0,0,0,0,0,0,19156,29303,38761,0,0,9380
0,0,0,0,0,0,18964,29079,38585,1,0,9385
0,0,0,0,0,0,19028,29847,38713,0,0,9390
0,0,0,0,0,0,18932,29239,38697,1,1,9395
0,0,0,0,0,0,14883,28887,38665,2,1,9408
0,0,0,0,0,0,22485,30391,38921,0,0,9410
0,0,0,0,0,0,19428,29511,38857,0,0,9415
0,0,0,0,0,0,19188,30055,39273,0,0,9420
0,0,0,0,0,0,19172,29559,38745,1,1,9425
0,0,0,0,0,0,19060,29207,38617,0,0,9430
0,0,0,0,0,0,18996,29223,38649,1,0,9435
0,0,0,0,0,0,18980,29815,38825,0,1,9440
0,0,0,0,0,0,18980,29303,38665,1,0,9445
0,0,0,0,0,0,19028,29111,38617,0,0,9450
0,0,0,0,0,0,19012,31175,40249,1,1,9455
0,0,0,0,0,0,19316,29463,38905,0,0,9460
0,0,0,0,0,0,18996,29047,38665,1,0,9465
0,0,0,0,0,0,19076,31031,38745,1,0,9470
0,0,0,0,0,0,18932,29383,38729,0,1,9475
0,0,0,0,0,0,18948,29175,38649,1,0,9480
0,0,0,0,0,0,18948,29191,38633,0,0,9485
0,0,0,0,0,0,18884,29303,38777,1,1,9490
0,0,0,0,0,0,14963,30295,39897,1,1,9503
0,0,0,0,0,0,22949,30679,39097,0,0,9505
0,0,0,0,0,0,19444,29335,38713,1,0,9510
0,0,0,0,0,0,19140,29127,38601,1,0,9515
0,0,0,0,0,0,19028,30535,39177,0,1,9520
0,0,0,0,0,0,19060,29287,38601,1,0,9525
0,0,0,0,0,0,19044,29047,38617,0,0,9530
0,0,0,0,0,0,19028,31063,39625,1,1,9535
0,0,0,0,0,0,19204,29431,38777,0,0,9540
0,0,0,0,0,0,18964,29095,38553,1,0,9545
0,0,0,0,0,0,18900,28310,37785,1,0,9550
0,0,0,0,0,0,18628,28983,38633,0,1,9555
0,0,0,0,0,0,18916,28935,38537,1,0,9560
0,0,0,0,0,0,19012,29943,39113,0,0,9565
0,0,0,0,0,0,19044,29383,38793,0,1,9570
0,0,0,0,0,0,18980,29399,38681,0,0,9575
0,0,0,0,0,0,18980,29159,38585,0,0,9580
0,0,0,0,0,0,19012,30295,39049,1,1,9585
0,0,0,0,0,0,19028,29319,38681,0,0,9590
0,0,0,0,0,0,14899,28646,38697,2,1,9603
0,0,0,0,0,0,22773,30279,38825,0,0,9605
0,0,0,0,0,0,19476,29367,38713,0,0,9610
0,0,0,0,0,0,19156,30135,39001,1,0,9615
0,0,0,0,0,0,19172,29335,38761,0,1,9620
0,0,0,0,0,0,18996,29047,38553,1,0,9625
0,0,0,0,0,0,18884,28823,38361,1,0,9630
0,0,0,0,0,0,18868,28919,38521,0,1,9635
0,0,0,0,0,0,18868,29079,38521,1,0,9640
0,0,0,0,0,0,18948,29783,39209,0,0,9645
0,0,0,0,0,0,19028,29447,38681,1,1,9650
0,0,0,0,0,0,19028,29223,38617,0,0,9655
0,0,0,0,0,0,18916,29111,38569,1,0,9660
0,0,0,0,0,0,19012,29655,38793,0,1,9665
0,0,0,0,0,0,19012,29175,38633,0,0,9670
0,0,0,0,0,0,18948,29111,38553,0,0,9675
0,0,0,0,0,0,18980,30583,39289,0,1,9680
0,0,0,0,0,0,19028,28871,38505,1,0,9685
0,0,0,0,0,0,14915,28999,38873,1,1,9698
0,0,0,0,0,0,22789,30311,38809,1,0,9700
0,0,0,0,0,0,19396,29191,38569,0,0,9705
0,0,0,0,0,0,19028,28839,38361,1,0,9710
0,0,0,0,0,0,19060,29991,38953,0,1,9715
0,0,0,0,0,0,19044,29223,38569,1,0,9720
0,0,0,0,0,0,19012,29687,38937,0,0,9725
0,0,0,0,0,0,19012,29559,38729,1,1,9730
0,0,0,0,0,0,18996,29175,38569,1,0,9735
0,0,0,0,0,0,18932,29095,38521,0,0,9740
0,0,0,0,0,0,18916,29799,38825,1,1,9745
0,0,0,0,0,0,18964,29095,38633,0,0,9750
0,0,0,0,0,0,18932,29015,38537,1,0,9755
0,0,0,0,0,0,19012,30535,39497,0,1,9760
0,0,0,0,0,0,19092,29287,38617,1,0,9765
0,0,0,0,0,0,18996,29383,38649,0,0,9770
0,0,0,0,0,0,18964,29767,38649,1,0,9775
0,0,0,0,0,0,18932,29223,38585,1,1,9780
0,0,0,0,0,0,14883,29863,39145,1,1,9793
0,0,0,0,0,0,22901,30711,39113,0,0,9795
0,0,0,0,0,0,19444,29255,38617,1,0,9800
0,0,0,0,0,0,19204,29527,38473,1,0,9805
0,0,0,0,0,0,18964,29495,38713,0,1,9810
0,0,0,0,0,0,19012,29159,38473,1,0,9815
0,0,0,0,0,0,18996,29303,38761,0,0,9820
0,0,0,0,0,0,18980,29543,38601,1,1,9825
0,0,0,0,0,0,19012,29255,38601,0,0,9830
0,0,0,0,0,0,18932,29047,38505,1,0,9835
0,0,0,0,0,0,19076,30407,39273,0,1,9840
0,0,0,0,0,0,19092,29191,38649,1,0,9845
0,0,0,0,0,0,18932,29111,38521,1,0,9850
0,0,0,0,0,0,18980,30951,39721,0,1,9855
0,0,0,0,0,0,19124,29255,38617,1,0,9860
0,0,0,0,0,0,18964,29031,38585,0,0,9865
0,0,0,0,0,0,18884,29559,38377,1,0,9870
0,0,0,0,0,0,18948,29191,38601,0,1,9875
0,0,0,0,0,0,14851,29575,39113,2,1,9888
0,0,0,0,0,0,22837,30375,38889,0,0,9890
0,0,0,0,0,0,19428,29223,38585,1,0,9895
0,0,0,0,0,0,19060,29271,38633,0,0,9900
0,0,0,0,0,0,19060,29831,38809,1,1,9905
0,0,0,0,0,0,19076,29175,38761,0,0,9910
0,0,0,0,0,0,18964,28983,38585,1,0,9915
0,0,0,0,0,0,19012,30231,39129,0,1,9920
0,0,0,0,0,0,18996,28983,38505,1,0,9925
0,0,0,0,0,0,18884,29063,38553,1,0,9930
0,0,0,0,0,0,18980,30359,38889,0,0,9935
0,0,0,0,0,0,18980,29351,38617,1,1,9940
0,0,0,0,0,0,18964,29047,38601,0,0,9945
0,0,0,0,0,0,18900,28598,37993,1,0,9950
0,0,0,0,0,0,18900,29239,38745,0,1,9955
0,0,0,0,0,0,18932,29015,38537,1,0,9960
0,0,0,0,0,0,18948,29767,38841,1,0,9965
0,0,0,0,0,0,18980,29991,38905,0,1,9970
0,0,0,0,0,0,18996,29255,38633,1,0,9975
0,0,0,0,0,0,14867,28646,38617,1,1,9988
0,0,0,0,0,0,22805,30375,38953,0,0,9990
0,0,0,0,0,0,19412,29319,38585,1,0,9995
0,0,0,0,0,0,19252,30951,39769,0,1,10000
0,0,0,0,0,0,19220,29255,38569,1,0,10005
0,0,0,0,0,0,18932,29111,38473,1,0,10010
0,0,0,0,0,0,18964,30167,39193,0,0,10015
0,0,0,0,0,0,19060,29159,38553,1,1,10020
0,0,0,0,0,0,18964,29079,38601,0,0,10025
0,0,0,0,0,0,18852,28967,38329,1,0,10030
0,0,0,0,0,0,18964,29431,38745,0,1,10035
0,0,0,0,0,0,18948,29079,38521,1,0,10040
0,0,0,0,0,0,18932,29431,38841,0,0,10045
0,0,0,0,0,0,18996,29607,38681,1,1,10050
0,0,0,0,0,0,18964,29159,38505,1,0,10055
0,0,0,0,0,0,18948,29207,38665,0,0,10060
0,0,0,0,0,0,19012,29783,38777,0,1,10065
0,0,0,0,0,0,18964,29031,38521,0,0,10070
0,0,0,0,0,0,14835,28903,38761,0,1,10083
0,0,0,0,0,0,22789,30183,38825,0,0,10085
0,0,0,0,0,0,19364,29143,38473,1,0,10090
0,0,0,0,0,0,19092,30503,38825,0,0,10095
0,0,0,0,0,0,19076,29319,38569,1,1,10100
0,0,0,0,0,0,19028,29175,38569,0,0,10105
0,0,0,0,0,0,18884,28839,38233,1,0,10110
0,0,0,0,0,0,18948,29415,38649,0,1,10115
0,0,0,0,0,0,18948,29063,38489,1,0,10120
0,0,0,0,0,0,18916,29559,38825,1,0,10125
0,0,0,0,0,0,19012,29959,38969,0,1,10130
0,0,0,0,0,0,18980,29143,38521,1,0,10135
0,0,0,0,0,0,18852,29047,38521,0,0,10140
0,0,0,0,0,0,18916,30071,38921,1,1,10145
0,0,0,0,0,0,19028,29351,38777,0,0,10150
0,0,0,0,0,0,18916,29111,38537,1,0,10155
0,0,0,0,0,0,18964,30935,39737,1,1,10160
0,0,0,0,0,0,19108,29223,38521,0,0,10165
0,0,0,0,0,0,14803,28999,38777,2,1,10178
0,0,0,0,0,0,22773,30231,38793,0,0,10180
0,0,0,0,0,0,19460,29319,38617,0,0,10185
0,0,0,0,0,0,19092,28871,38233,1,0,10190
0,0,0,0,0,0,19012,29511,38697,1,1,10195
0,0,0,0,0,0,18964,29063,38457,0,0,10200
0,0,0,0,0,0,18868,29303,38617,1,0,10205
0,0,0,0,0,0,18996,29719,38729,0,1,10210
0,0,0,0,0,0,18964,29047,38505,1,0,10215
0,0,0,0,0,0,18932,29191,38665,0,0,10220
0,0,0,0,0,0,18980,29735,38793,1,1,10225
0,0,0,0,0,0,19028,29335,38665,0,0,10230
0,0,0,0,0,0,18916,29047,38473,1,0,10235
0,0,0,0,0,0,18884,30007,38953,1,1,10240
0,0,0,0,0,0,18980,29047,38569,0,0,10245
0,0,0,0,0,0,18852,29079,38505,1,0,10250
0,0,0,0,0,0,19012,31655,38905,0,1,10255
0,0,0,0,0,0,18948,29047,38553,1,0,10260
0,0,0,0,0,0,18916,29095,38569,0,0,10265
0,0,0,0,0,0,14803,28534,38649,2,1,10278
0,0,0,0,0,0,22725,30135,38745,0,0,10280
0,0,0,0,0,0,19396,29383,38473,1,0,10285
0,0,0,0,0,0,19092,29511,38649,0,1,10290
0,0,0,0,0,0,19012,29063,38457,1,0,10295
0,0,0,0,0,0,18996,29623,39001,0,0,10300
0,0,0,0,0,0,19028,29527,38697,1,1,10305
0,0,0,0,0,0,19028,29159,38521,0,0,10310
0,0,0,0,0,0,18884,29143,38441,1,0,10315
0,0,0,0,0,0,18900,30279,38985,1,1,10320
0,0,0,0,0,0,19028,29063,38521,0,0,10325
0,0,0,0,0,0,18900,29111,38601,0,0,10330
0,0,0,0,0,0,19028,31671,38697,0,1,10335
0,0,0,0,0,0,18900,28967,38505,1,0,10340
0,0,0,0,0,0,18916,29191,38697,0,0,10345
0,0,0,0,0,0,18980,31479,39369,1,0,10350
0,0,0,0,0,0,19076,29255,38553,1,1,10355
0,0,0,0,0,0,18884,29063,38553,0,0,10360
0,0,0,0,0,0,14787,28582,38601,2,1,10373
0,0,0,0,0,0,22725,30007,38649,0,0,10375
0,0,0,0,0,0,19444,29703,38841,0,0,10380
0,0,0,0,0,0,19204,29847,38713,1,1,10385
0,0,0,0,0,0,19076,29159,38489,1,0,10390
0,0,0,0,0,0,18948,28999,38425,0,0,10395
0,0,0,0,0,0,18900,29655,38489,1,1,10400
0,0,0,0,0,0,18868,29159,38457,0,0,10405
0,0,0,0,0,0,18852,29015,38441,1,0,10410
0,0,0,0,0,0,18948,29831,38681,0,0,10415
0,0,0,0,0,0,18900,29111,38473,1,1,10420
0,0,0,0,0,0,18932,29191,38521,0,0,10425
0,0,0,0,0,0,18660,31335,38857,1,0,10430
0,0,0,0,0,0,18996,29207,38569,1,1,10435
0,0,0,0,0,0,18916,28983,38457,0,0,10440
0,0,0,0,0,0,18820,28839,38137,1,0,10445
0,0,0,0,0,0,18900,29607,38793,0,1,10450
0,0,0,0,0,0,18916,28903,38441,1,0,10455
0,0,0,0,0,0,14851,28839,38713,1,1,10468
0,0,0,0,0,0,22725,30151,38729,1,0,10470
0,0,0,0,0,0,19380,29239,38553,0,0,10475
0,0,0,0,0,0,19092,30391,39097,1,1,10480
0,0,0,0,0,0,19140,29303,38585,0,0,10485
0,0,0,0,0,0,18948,29095,38409,1,0,10490
0,0,0,0,0,0,19012,30743,39449,0,1,10495
0,0,0,0,0,0,19076,29223,38585,1,0,10500
0,0,0,0,0,0,18884,29047,38441,1,0,10505
0,0,0,0,0,0,18852,28695,38217,0,0,10510
0,0,0,0,0,0,18868,29287,38521,1,1,10515
0,0,0,0,0,0,18916,29207,38649,0,0,10520
0,0,0,0,0,0,18932,29335,38697,1,0,10525
0,0,0,0,0,0,19044,29623,38745,0,1,10530
0,0,0,0,0,0,18916,29175,38489,1,0,10535
0,0,0,0,0,0,18916,29191,38553,1,0,10540
0,0,0,0,0,0,18932,29799,38777,0,1,10545
0,0,0,0,0,0,18948,29191,38489,1,0,10550
0,0,0,0,0,0,14803,28759,38697,1,1,10563
0,0,0,0,0,0,22821,30311,38873,0,0,10565
0,0,0,0,0,0,19396,29063,38441,1,0,10570
0,0,0,0,0,0,19156,30231,39033,0,0,10575
0,0,0,0,0,0,19092,29191,38441,1,1,10580
0,0,0,0,0,0,18900,29079,38377,1,0,10585
0,0,0,0,0,0,18868,28406,37929,0,0,10590
0,0,0,0,0,0,18852,29271,38585,0,1,10595
0,0,0,0,0,0,18964,29223,38505,0,0,10600
0,0,0,0,0,0,18900,29431,38713,0,0,10605
0,0,0,0,0,0,18996,29639,38761,0,1,10610
0,0,0,0,0,0,18948,29015,38473,1,0,10615
0,0,0,0,0,0,18852,28983,38473,1,0,10620
0,0,0,0,0,0,18884,29463,38665,0,1,10625
0,0,0,0,0,0,18932,29191,38473,1,0,10630
0,0,0,0,0,0,18916,29255,38697,0,0,10635
0,0,0,0,0,0,19012,31959,38777,1,1,10640
0,0,0,0,0,0,18996,29335,38617,0,0,10645
0,0,0,0,0,0,18900,29079,38441,1,0,10650
0,0,0,0,0,0,14851,28502,38665,1,1,10663
0,0,0,0,0,0,22693,29927,38633,1,0,10665
0,0,0,0,0,0,19332,28967,38233,0,0,10670
0,0,0,0,0,0,19028,29271,38537,1,1,10675
0,0,0,0,0,0,19028,29191,38585,0,0,10680
0,0,0,0,0,0,18964,29383,38665,1,0,10685
0,0,0,0,0,0,19060,29559,38697,0,1,10690
0,0,0,0,0,0,18948,29111,38409,1,0,10695
0,0,0,0,0,0,18852,29047,38425,1,0,10700
0,0,0,0,0,0,18916,29735,38745,0,1,10705
0,0,0,0,0,0,18980,29095,38473,1,0,10710
0,0,0,0,0,0,18916,29111,38489,0,0,10715
0,0,0,0,0,0,18884,31191,39305,1,1,10720
0,0,0,0,0,0,19124,29239,38633,0,0,10725
0,0,0,0,0,0,18916,29031,38441,1,0,10730
0,0,0,0,0,0,18916,30615,39113,1,0,10735
0,0,0,0,0,0,19012,29239,38505,0,1,10740
0,0,0,0,0,0,18852,28999,38505,1,0,10745
0,0,0,0,0,0,14867,28566,38617,1,1,10758
0,0,0,0,0,0,22741,30199,38825,0,0,10760
0,0,0,0,0,0,19364,29191,38233,1,0,10765
0,0,0,0,0,0,19028,29591,38713,1,1,10770
0,0,0,0,0,0,19012,28887,38425,0,0,10775
0,0,0,0,0,0,18884,28999,38521,1,0,10780
0,0,0,0,0,0,18980,29767,38809,0,1,10785
0,0,0,0,0,0,18916,29063,38377,1,0,10790
0,0,0,0,0,0,18900,29079,38505,0,0,10795
0,0,0,0,0,0,18900,30167,38953,1,1,10800
0,0,0,0,0,0,18980,29191,38521,1,0,10805
0,0,0,0,0,0,18852,29047,38457,0,0,10810
0,0,0,0,0,0,18948,30775,39913,1,1,10815
0,0,0,0,0,0,19204,29143,38441,0,0,10820
0,0,0,0,0,0,18868,28919,38329,1,0,10825
0,0,0,0,0,0,18980,30663,38889,0,0,10830
0,0,0,0,0,0,18948,29175,38505,1,1,10835
0,0,0,0,0,0,18900,29127,38553,0,0,10840
0,0,0,0,0,0,14803,28598,38617,2,1,10853
0,0,0,0,0,0,22693,30055,38633,0,0,10855
0,0,0,0,0,0,19380,29591,38793,1,0,10860
0,0,0,0,0,0,19268,29623,38761,0,1,10865
0,0,0,0,0,0,19028,29047,38377,1,0,10870
0,0,0,0,0,0,18948,29095,38489,0,0,10875
0,0,0,0,0,0,18948,30407,39017,0,1,10880
0,0,0,0,0,0,18948,29015,38441,1,0,10885
0,0,0,0,0,0,18852,28839,38409,0,0,10890
0,0,0,0,0,0,18916,30839,39593,1,1,10895
0,0,0,0,0,0,19140,29239,38649,0,0,10900
0,0,0,0,0,0,18932,29095,38521,1,0,10905
0,0,0,0,0,0,18932,29335,38121,0,0,10910
0,0,0,0,0,0,18804,29191,38441,1,1,10915
0,0,0,0,0,0,18884,29175,38521,0,0,10920
0,0,0,0,0,0,18804,28711,38217,1,0,10925
0,0,0,0,0,0,18836,29335,38553,1,1,10930
0,0,0,0,0,0,18916,29015,38409,0,0,10935
0,0,0,0,0,0,18868,29639,38761,1,0,10940
0,0,0,0,0,0,14851,28502,38569,1,1,10953
0,0,0,0,0,0,22725,30119,38729,0,0,10955
0,0,0,0,0,0,19396,30151,38857,1,1,10960
0,0,0,0,0,0,19156,29287,38521,1,0,10965
0,0,0,0,0,0,18980,28839,38361,0,0,10970
0,0,0,0,0,0,18980,31079,39625,1,1,10975
0,0,0,0,0,0,19188,29239,38521,0,0,10980
0,0,0,0,0,0,18868,29015,38345,1,0,10985
0,0,0,0,0,0,18996,30455,38857,0,0,10990
0,0,0,0,0,0,18932,29159,38457,1,1,10995
0,0,0,0,0,0,18916,29047,38473,1,0,11000
0,0,0,0,0,0,18836,28662,38089,0,0,11005
0,0,0,0,0,0,18868,29351,38649,1,1,11010
0,0,0,0,0,0,18996,29175,38601,0,0,11015
0,0,0,0,0,0,18948,29655,39017,1,0,11020
0,0,0,0,0,0,19060,29575,38697,0,1,11025
0,0,0,0,0,0,18948,29111,38441,1,0,11030
0,0,0,0,0,0,18900,29079,38505,0,0,11035
0,0,0,0,0,0,14835,28502,38521,2,1,11048
0,0,0,0,0,0,22709,30023,38569,0,0,11050
0,0,0,0,0,0,19460,31415,39897,1,1,11055
0,0,0,0,0,0,19444,29399,38585,0,0,11060
0,0,0,0,0,0,19044,28855,38313,1,0,11065
0,0,0,0,0,0,19028,31047,38745,0,0,11070
0,0,0,0,0,0,18932,29191,38409,1,1,11075
0,0,0,0,0,0,18852,28999,38393,1,0,11080
0,0,0,0,0,0,18852,29031,38329,0,0,11085
0,0,0,0,0,0,18868,29319,38521,1,1,11090
0,0,0,0,0,0,18884,29095,38425,0,0,11095
0,0,0,0,0,0,18852,29127,38521,1,0,11100
0,0,0,0,0,0,18980,29687,38745,0,1,11105
0,0,0,0,0,0,18932,29047,38393,1,0,11110
0,0,0,0,0,0,18916,29095,38441,0,0,11115
0,0,0,0,0,0,18884,30519,39017,1,1,11120
0,0,0,0,0,0,18980,29175,38457,1,0,11125
0,0,0,0,0,0,18900,28951,38489,0,0,11130
0,0,0,0,0,0,14803,28582,38473,2,1,11143
0,0,0,0,0,0,22629,29847,38617,0,0,11145
0,0,0,0,0,0,19332,28711,38073,1,0,11150
0,0,0,0,0,0,19044,29431,38537,0,1,11155
0,0,0,0,0,0,18996,29127,38345,1,0,11160
0,0,0,0,0,0,18916,29591,38825,0,0,11165
0,0,0,0,0,0,19044,29159,38489,1,1,11170
0,0,0,0,0,0,18964,29031,38473,0,0,11175
0,0,0,0,0,0,18836,28839,38329,1,0,11180
0,0,0,0,0,0,18964,29751,38681,0,1,11185
0,0,0,0,0,0,18948,29015,38377,1,0,11190
0,0,0,0,0,0,18852,28919,38345,1,0,11195
0,0,0,0,0,0,18932,31143,39625,0,1,11200
0,0,0,0,0,0,19092,28951,38313,1,0,11205
0,0,0,0,0,0,18868,28951,38377,0,0,11210
0,0,0,0,0,0,18948,30407,39017,1,0,11215
0,0,0,0,0,0,19060,29127,38489,0,1,11220
0,0,0,0,0,0,18836,28919,38361,1,0,11225
0,0,0,0,0,0,14883,28662,38649,1,1,11238
0,0,0,0,0,0,22661,30071,38633,1,0,11240
0,0,0,0,0,0,19412,29399,38649,0,0,11245
0,0,0,0,0,0,19156,29543,38521,1,1,11250
0,0,0,0,0,0,19044,29287,38489,0,0,11255
0,0,0,0,0,0,18884,28983,38409,1,0,11260
0,0,0,0,0,0,18980,30071,38825,0,1,11265
0,0,0,0,0,0,18948,28951,38345,1,0,11270
0,0,0,0,0,0,18836,28871,38313,1,0,11275
0,0,0,0,0,0,18980,30887,39257,0,1,11280
0,0,0,0,0,0,19060,29079,38457,1,0,11285
0,0,0,0,0,0,18932,29079,38441,0,0,11290
0,0,0,0,0,0,18932,29079,38441,0,0,11290
